Workbook

Sheet result (2)
A1: 2 | B1: 9309750 | C1: -4715500 | D1: -4594450
A2: 3 | B2: 8394600 | C2: -2836550 | D2: -2829750 | E2: -2728600
A3: 4 | B3: 7313800 | C3: -1855450 | D3: -1881950 | E3: -1756500 | F3: -1820300
A4: 5 | B4: 6480250 | C4: -1599700 | D4: -1282500 | E4: -1316050 | F4: -1260600 | G4: -1021900
A5: 6 | B5: 5714250 | C5: -742100 | D5: -1088200 | E5: -883450 | F5: -879600 | G5: -901150 | H5: -1220350
A6: 7 | B6: 5105700 | C6: -499150 | D6: -916550 | E6: -761000 | F6: -818450 | G6: -832500 | H6: -854000 | I6: -424750
A7: 8 | B7: 4385050 | C7: -663950 | D7: -828800 | E7: -378750 | F7: -492800 | G7: -311700 | H7: -643850 | I7: -404850 | J7: -661150
A8: 9 | B8: 3999600 | C8: -160800 | D8: -485750 | E8: -223150 | F8: -672750 | G8: -366700 | H8: -475300 | I8: -730400 | J8: -472600 | K8: -413050
A9: 10 | B9: 3685350 | C9: -5300 | D9: -474550 | E9: -467400 | F9: -411800 | G9: -207700 | H9: 107350 | I9: -643100 | J9: -650950 | K9: -496650 | L9: -436250
A10: 11 | B10: 3684850 | C10: -473650 | D10: -294150 | E10: 81350 | F10: -129350 | G10: -327850 | H10: -390950 | I10: -267050 | J10: -295600 | K10: 167050 | L10: -736600 | M10: -1019150
A11: 12 | B11: 3326800 | C11: -8300 | D11: -333750 | E11: -118700 | F11: -299400 | G11: -445650 | H11: -479250 | I11: -167750 | J11: -88200 | K11: -413250 | L11: -16050 | M11: -716400 | N11: -241300
A12: 13 | B12: 3295200 | C12: -90450 | D12: 7450 | E12: -246800 | F12: -573800 | G12: 51700 | H12: -472500 | I12: -156400 | J12: -583700 | K12: -645850 | L12: -482700 | M12: -492100 | N12: 341700 | O12: 46950

Sheet result
A1: 2 | B1: 9309750 | C1: -4715500 | D1: -4594450
A2: 3 | B2: 8394600 | C2: -2836550 | D2: -2829750 | E2: -2728600
A3: 4 | B3: 7313800 | C3: -1855450 | D3: -1881950 | E3: -1756500 | F3: -1820300
A4: 5 | B4: 6480250 | C4: -1599700 | D4: -1282500 | E4: -1316050 | F4: -1260600 | G4: -1021900
A5: 6 | B5: 5714250 | C5: -742100 | D5: -1088200 | E5: -883450 | F5: -879600 | G5: -901150 | H5: -1220350
A6: 7 | B6: 5105700 | C6: -499150 | D6: -916550 | E6: -761000 | F6: -818450 | G6: -832500 | H6: -854000 | I6: -424750
A7: 8 | B7: 4385050 | C7: -663950 | D7: -828800 | E7: -378750 | F7: -492800 | G7: -311700 | H7: -643850 | I7: -404850 | J7: -661150
A8: 9 | B8: 3999600 | C8: -160800 | D8: -485750 | E8: -223150 | F8: -672750 | G8: -366700 | H8: -475300 | I8: -730400 | J8: -472600 | K8: -413050
A9: 10 | B9: 3685350 | C9: -5300 | D9: -474550 | E9: -467400 | F9: -411800 | G9: -207700 | H9: 107350 | I9: -643100 | J9: -650950 | K9: -496650 | L9: -436250
A10: 11 | B10: 3684850 | C10: -473650 | D10: -294150 | E10: 81350 | F10: -129350 | G10: -327850 | H10: -390950 | I10: -267050 | J10: -295600 | K10: 167050 | L10: -736600 | M10: -1019150
A11: 12 | B11: 3326800 | C11: -8300 | D11: -333750 | E11: -118700 | F11: -299400 | G11: -445650 | H11: -479250 | I11: -167750 | J11: -88200 | K11: -413250 | L11: -16050 | M11: -716400 | N11: -241300
A12: 13 | B12: 3295200 | C12: -90450 | D12: 7450 | E12: -246800 | F12: -573800 | G12: 51700 | H12: -472500 | I12: -156400 | J12: -583700 | K12: -645850 | L12: -482700 | M12: -492100 | N12: 341700 | O12: 46950
A13: 14 | B13: 2868300 | C13: 146350 | D13: 71700 | E13: 1150 | F13: -338200 | G13: -94550 | H13: -306850 | I13: -457850 | J13: 9700 | K13: -412150 | L13: 338550 | M13: -421150 | N13: -669150 | O13: -580100 | P13: -157150
A14: 15 | B14: 2836400 | C14: -430250 | D14: -302100 | E14: 61050 | F14: -268250 | G14: -481200 | H14: -340950 | I14: 469100 | J14: 702250 | K14: -148900 | L14: -479300 | M14: -738050 | N14: -493900 | O14: 252750 | P14: -372150 | Q14: -268000
A15: 16 | B15: 3010050 | C15: -427600 | D15: 66350 | E15: -244250 | F15: -396550 | G15: -235200 | H15: -210350 | I15: 190800 | J15: -102400 | K15: 20800 | L15: -92350 | M15: -231150 | N15: 319950 | O15: -628600 | P15: -487850 | Q15: -579000 | R15: 25750
A16: 17 | B16: 2802950 | C16: -471850 | D16: -869250 | E16: -210250 | F16: -99000 | G16: -81900 | H16: -654250 | I16: 381250 | J16: -107550 | K16: -34600 | L16: 684150 | M16: -132050 | N16: 34600 | O16: -258850 | P16: 8400 | Q16: -641250 | R16: -187950 | S16: -164300
A17: 18 | B17: 3184550 | C17: 13650 | D17: -257450 | E17: -57000 | F17: 62100 | G17: 339800 | H17: -178200 | I17: -317100 | J17: 366250 | K17: -340200 | L17: -278600 | M17: -561950 | N17: -408900 | O17: -280650 | P17: -480450 | Q17: 26900 | R17: -102750 | S17: -114650 | T17: -617150
A18: 19 | B18: 2755250 | C18: 612450 | D18: 74700 | E18: -438450 | F18: -377100 | G18: -58450 | H18: -146650 | I18: 154250 | J18: 337200 | K18: -634000 | L18: -812850 | M18: -111950 | N18: -346350 | O18: 126050 | P18: -371150 | Q18: 257850 | R18: -846950 | S18: 165050 | T18: 61000 | U18: -401800
A19: 20 | B19: 3321950 | C19: -552900 | D19: -508900 | E19: -52600 | F19: -198100 | G19: 24800 | H19: -186600 | I19: -800950 | J19: -544800 | K19: -224050 | L19: 285050 | M19: 336550 | N19: -580450 | O19: -131350 | P19: -85950 | Q19: 95950 | R19: -490800 | S19: 344750 | T19: 169100 | U19: 96200 | V19: -318900
A20: 21 | B20: 3188500 | C20: -584100 | D20: 522850 | E20: -200 | F20: 521550 | G20: -264050 | H20: -232300 | I20: 378900 | J20: -150 | K20: -38150 | L20: -51200 | M20: -952450 | N20: -250300 | O20: -57200 | P20: -846050 | Q20: -117500 | R20: 131450 | S20: -247900 | T20: -283950 | U20: -311850 | V20: 30850 | W20: -538850
A21: 22 | B21: 3313250 | C21: -656150 | D21: -63400 | E21: -372250 | F21: -191950 | G21: -227950 | H21: -813800 | I21: -647650 | J21: 67300 | K21: 868850 | L21: -815650 | M21: 172450 | N21: -443950 | O21: -44800 | P21: 32900 | Q21: -123650 | R21: -229300 | S21: -138600 | T21: 258800 | U21: -52550 | V21: 210950 | W21: 249100 | X21: -354150
A22: 23 | B22: 2999350 | C22: -144600 | D22: -442300 | E22: 224000 | F22: 98450 | G22: 151100 | H22: 157450 | I22: 281550 | J22: -482200 | K22: -434100 | L22: 161800 | M22: -354350 | N22: -106250 | O22: -41800 | P22: 185850 | Q22: -864700 | R22: -416950 | S22: 82850 | T22: -184900 | U22: -350100 | V22: 31050 | W22: 540350 | X22: -285500 | Y22: -808350
A23: 24 | B23: 3053600 | C23: -324650 | D23: -317000 | E23: 247600 | F23: 98150 | G23: -347650 | H23: -549000 | I23: 217450 | J23: 10400 | K23: -186500 | L23: -326950 | M23: 73800 | N23: -57600 | O23: -95100 | P23: -183050 | Q23: -111050 | R23: -425350 | S23: 307850 | T23: -306850 | U23: -823350 | V23: 417100 | W23: -162750 | X23: -94350 | Y23: 187800 | Z23: -304950
A24: 25 | B24: 3119050 | C24: 265450 | D24: -184450 | E24: -30050 | F24: -268000 | G24: -310900 | H24: -1087250 | I24: -263200 | J24: 71650 | K24: 59850 | L24: -567850 | M24: -151800 | N24: 42950 | O24: -199450 | P24: 761950 | Q24: -107700 | R24: -181200 | S24: 299450 | T24: 87700 | U24: 53950 | V24: 119650 | W24: -165550 | X24: -300750 | Y24: -316900 | Z24: -255400 | AA24: -493700
A25: 26 | B25: 3029150 | C25: 199750 | D25: -133600 | E25: 207150 | F25: -396750 | G25: -175600 | H25: -232450 | I25: 236250 | J25: -724650 | K25: -500800 | L25: -312600 | M25: 514800 | N25: -168900 | O25: -521300 | P25: -531000 | Q25: -136250 | R25: -248100 | S25: 83900 | T25: -410450 | U25: -272750 | V25: -675450 | W25: 663750 | X25: -240050 | Y25: -142250 | Z25: -146850 | AA25: 739050 | AB25: 293400
A26: 27 | B26: 3217350 | C26: 73350 | D26: -818950 | E26: -219900 | F26: 140850 | G26: 81400 | H26: -919000 | I26: 133150 | J26: 500900 | K26: -589050 | L26: -105900 | M26: -47600 | N26: -751650 | O26: -184950 | P26: 493350 | Q26: 293500 | R26: -167200 | S26: -33850 | T26: -348800 | U26: -368400 | V26: -550750 | W26: 162250 | X26: 548550 | Y26: 223600 | Z26: -107050 | AA26: -279550 | AB26: -630500 | AC26: 252150
A27: 28 | B27: 3171900 | C27: 58500 | D27: -296450 | E27: -375000 | F27: -662400 | G27: 218500 | H27: -840450 | I27: 123600 | J27: -81350 | K27: 61650 | L27: -523050 | M27: 32150 | N27: -486250 | O27: -316400 | P27: 504750 | Q27: -291700 | R27: 46850 | S27: -139100 | T27: 3750 | U27: -476750 | V27: -457950 | W27: 237800 | X27: -291150 | Y27: 783350 | Z27: -178300 | AA27: 147800 | AB27: -115900 | AC27: 111900 | AD27: 26900
A28: 29 | B28: 2658650 | C28: 374450 | D28: 278200 | E28: 74250 | F28: -580200 | G28: -641750 | H28: 90850 | I28: -115050 | J28: -750550 | K28: 493400 | L28: -268900 | M28: -105650 | N28: -392000 | O28: -80050 | P28: 257800 | Q28: -26900 | R28: -81100 | S28: -1055800 | T28: -189800 | U28: 146850 | V28: -77900 | W28: 98650 | X28: -888450 | Y28: 181350 | Z28: 161250 | AA28: 107250 | AB28: -680950 | AC28: 44750 | AD28: 552100 | AE28: 412350
A29: 30 | B29: 2970100 | C29: 522650 | D29: -399650 | E29: -466100 | F29: -350700 | G29: -422750 | H29: 218800 | I29: -92550 | J29: 219450 | K29: -115550 | L29: -174150 | M29: -490100 | N29: 173350 | O29: -589850 | P29: 343850 | Q29: 191000 | R29: 297650 | S29: 872750 | T29: -8050 | U29: -744200 | V29: 89000 | W29: -23400 | X29: -315600 | Y29: -23450 | Z29: -510850 | AA29: -645400 | AB29: -245050 | AC29: -137250 | AD29: -192300 | AE29: -72500 | AF29: 117850
A30: 31 | B30: 2955350 | C30: -265050 | D30: -540800 | E30: -37350 | F30: 571550 | G30: 403450 | H30: -781500 | I30: 413600 | J30: -525400 | K30: -801700 | L30: -783750 | M30: -710450 | N30: -26350 | O30: -205750 | P30: -229200 | Q30: 569350 | R30: 119100 | S30: -191100 | T30: 73050 | U30: -411900 | V30: -206650 | W30: -19350 | X30: -216050 | Y30: 566650 | Z30: -129650 | AA30: 317600 | AB30: 385100 | AC30: 522250 | AD30: -855500 | AE30: -13550 | AF30: 465950 | AG30: -415050
A31: 32 | B31: 2491350 | C31: 222000 | D31: 340050 | E31: 272650 | F31: 236200 | G31: 374250 | H31: 108000 | I31: 221900 | J31: -476750 | K31: 131550 | L31: -21200 | M31: -286650 | N31: -428800 | O31: -303450 | P31: -135350 | Q31: -501100 | R31: 68350 | S31: -225150 | T31: 33250 | U31: -185850 | V31: -635250 | W31: -21100 | X31: -90500 | Y31: -451350 | Z31: -531000 | AA31: -611350 | AB31: -349950 | AC31: -29750 | AD31: -237900 | AE31: -153450 | AF31: 593900 | AG31: 54900 | AH31: 524350
A32: 33 | B32: 2918750 | C32: -190400 | D32: 757350 | E32: 376600 | F32: 377050 | G32: -132400 | H32: 259200 | I32: -423850 | J32: -335150 | K32: 28950 | L32: -447950 | M32: -684900 | N32: 22300 | O32: -928600 | P32: -448300 | Q32: 153950 | R32: 169100 | S32: 484350 | T32: 171450 | U32: 377550 | V32: -341200 | W32: 524050 | X32: -163150 | Y32: 446000 | Z32: -486400 | AA32: -586300 | AB32: -715800 | AC32: -549250 | AD32: 91050 | AE32: -432150 | AF32: -91500 | AG32: -272850 | AH32: 516950 | AI32: -447800
A33: 34 | B33: 3003500 | C33: -65350 | D33: -423800 | E33: -406450 | F33: -71400 | G33: 542900 | H33: -213400 | I33: 287300 | J33: 157450 | K33: -425650 | L33: -733800 | M33: 9700 | N33: -287200 | O33: -513500 | P33: -40450 | Q33: -476000 | R33: 396300 | S33: -110050 | T33: -508550 | U33: 320950 | V33: 4650 | W33: -407400 | X33: 418500 | Y33: 79750 | Z33: 475400 | AA33: -418200 | AB33: -80400 | AC33: 361000 | AD33: 77300 | AE33: -214900 | AF33: -96250 | AG33: -29550 | AH33: -499500 | AI33: -223500 | AJ33: 107200
A34: 35 | B34: 2959000 | C34: 550750 | D34: 64400 | E34: 60900 | F34: -569700 | G34: -269150 | H34: -655800 | I34: 245150 | J34: 182950 | K34: -97200 | L34: 484200 | M34: 469050 | N34: 622050 | O34: 751300 | P34: 7000 | Q34: -652650 | R34: -33400 | S34: 161400 | T34: 427000 | U34: -686000 | V34: 554450 | W34: -647550 | X34: -445000 | Y34: -1164100 | Z34: -514500 | AA34: -522500 | AB34: -144750 | AC34: 161500 | AD34: -118450 | AE34: -502650 | AF34: -979850 | AG34: 605600 | AH34: -195050 | AI34: -604450 | AJ34: 141100 | AK34: 351450
A35: 36 | B35: 3149150 | C35: 402100 | D35: -237300 | E35: 419000 | F35: -201650 | G35: -523550 | H35: -520550 | I35: -305800 | J35: 193200 | K35: -213300 | L35: 85550 | M35: -261650 | N35: -101300 | O35: -1295200 | P35: -565700 | Q35: 346200 | R35: 151350 | S35: 137350 | T35: -430650 | U35: -3400 | V35: -146250 | W35: 250200 | X35: -321900 | Y35: 253650 | Z35: 217550 | AA35: 203400 | AB35: -40350 | AC35: 527600 | AD35: -97400 | AE35: 696700 | AF35: -375350 | AG35: -227900 | AH35: -557150 | AI35: -619500 | AJ35: -88500 | AK35: -52800 | AL35: 150550
A36: 37 | B36: 3152250 | C36: -509250 | D36: 267100 | E36: -85000 | F36: 348450 | G36: -319500 | H36: -173950 | I36: -124150 | J36: -926150 | K36: -513800 | L36: 431000 | M36: -79700 | N36: 148450 | O36: -263600 | P36: 173450 | Q36: -70350 | R36: 181750 | S36: 141850 | T36: -148450 | U36: -358050 | V36: 659700 | W36: 91200 | X36: 42800 | Y36: 959900 | Z36: -42300 | AA36: -837300 | AB36: -1068800 | AC36: 73600 | AD36: -399150 | AE36: 285400 | AF36: 548850 | AG36: -13050 | AH36: -412850 | AI36: -548800 | AJ36: -702350 | AK36: -396600 | AL36: -88500 | AM36: 572200
A37: 38 | B37: 2759400 | C37: -132600 | D37: -323050 | E37: -42100 | F37: -331250 | G37: -601250 | H37: -418500 | I37: -444000 | J37: -177200 | K37: 262200 | L37: -22500 | M37: -581550 | N37: 975600 | O37: -222350 | P37: -250350 | Q37: -403650 | R37: 835200 | S37: -266250 | T37: 144150 | U37: 174750 | V37: -13100 | W37: 359750 | X37: 798500 | Y37: -224000 | Z37: 131400 | AA37: -655000 | AB37: -511300 | AC37: -158150 | AD37: -53200 | AE37: -427450 | AF37: -493950 | AG37: -586700 | AH37: 192800 | AI37: 43250 | AJ37: 193800 | AK37: -547200 | AL37: 919900 | AM37: -93100 | AN37: 185250
A38: 39 | B38: 3367850 | C38: -117850 | D38: 231600 | E38: -110750 | F38: -13600 | G38: -65400 | H38: -895300 | I38: -460950 | J38: 87900 | K38: -192150 | L38: 31350 | M38: 208800 | N38: -539450 | O38: 204300 | P38: -243400 | Q38: -53950 | R38: 148450 | S38: -796250 | T38: -704800 | U38: -220400 | V38: -84950 | W38: 34550 | X38: 1084050 | Y38: 1054250 | Z38: 821900 | AA38: -333750 | AB38: 129000 | AC38: 709050 | AD38: -838600 | AE38: -85950 | AF38: -351550 | AG38: -718350 | AH38: 102950 | AI38: -8800 | AJ38: -93550 | AK38: 583800 | AL38: -276600 | AM38: 294000 | AN38: -844400 | AO38: -1046950
A39: 40 | B39: 2361400 | C39: 110700 | D39: 23650 | E39: -555750 | F39: 64750 | G39: -161650 | H39: 20750 | I39: -589350 | J39: -34100 | K39: 996050 | L39: -248350 | M39: 604800 | N39: -1448450 | O39: -26750 | P39: 9900 | Q39: -287800 | R39: 320550 | S39: 232550 | T39: -363400 | U39: -34100 | V39: -70950 | W39: -117100 | X39: -788100 | Y39: -27050 | Z39: 912350 | AA39: -141000 | AB39: -893350 | AC39: 681250 | AD39: -643550 | AE39: -22200 | AF39: 85000 | AG39: 85250 | AH39: -215050 | AI39: 348150 | AJ39: 731950 | AK39: 62100 | AL39: -133150 | AM39: -331650 | AN39: 126200 | AO39: -363150 | AP39: -285350
A40: 41 | B40: 2500900 | C40: 2000 | D40: 475750 | E40: -579500 | F40: 336250 | G40: -286000 | H40: 607800 | I40: -276200 | J40: 13300 | K40: -73150 | L40: -629550 | M40: 641350 | N40: -533450 | O40: 153650 | P40: -347200 | Q40: 927000 | R40: -221600 | S40: -735850 | T40: -110750 | U40: -201350 | V40: 553900 | W40: 1438550 | X40: 386350 | Y40: 204050 | Z40: 761000 | AA40: -1094900 | AB40: -447250 | AC40: 554750 | AD40: 42950 | AE40: -658700 | AF40: -1107350 | AG40: 32500 | AH40: -641400 | AI40: -993200 | AJ40: -278750 | AK40: -243750 | AL40: 505750 | AM40: -837800 | AN40: 1053000 | AO40: -247850 | AP40: -36600 | AQ40: -612750
A41: 42 | B41: 2841050 | C41: -408100 | D41: -596650 | E41: 929750 | F41: 272900 | G41: 329100 | H41: 855200 | I41: 885200 | J41: 144350 | K41: -242700 | L41: -198250 | M41: 242900 | N41: -916050 | O41: -481100 | P41: 49600 | Q41: 148500 | R41: -297250 | S41: -17800 | T41: -998500 | U41: 1161650 | V41: -169850 | W41: -578400 | X41: -360100 | Y41: 1400 | Z41: -672050 | AA41: -774600 | AB41: -108200 | AC41: -117850 | AD41: -488000 | AE41: 342300 | AF41: -239700 | AG41: 989950 | AH41: 53450 | AI41: -529750 | AJ41: 407150 | AK41: 576850 | AL41: 708400 | AM41: 88200 | AN41: -905100 | AO41: -549450 | AP41: -456300 | AQ41: -764650 | AR41: -161700
A42: 43 | B42: 2889300 | C42: -238750 | D42: 262650 | E42: 427950 | F42: 38950 | G42: -438700 | H42: -438950 | I42: 1350 | J42: -412700 | K42: 1004200 | L42: -191000 | M42: 247200 | N42: -937150 | O42: -170000 | P42: -393450 | Q42: 525700 | R42: 232900 | S42: 202850 | T42: -633150 | U42: -340850 | V42: -375650 | W42: 260150 | X42: 263700 | Y42: 821150 | Z42: -699250 | AA42: -432450 | AB42: -357150 | AC42: -355200 | AD42: -519500 | AE42: -264550 | AF42: -67850 | AG42: 278750 | AH42: -917500 | AI42: -238900 | AJ42: -440000 | AK42: -493650 | AL42: 1233800 | AM42: 582350 | AN42: -941500 | AO42: 373300 | AP42: -203200 | AQ42: 387800 | AR42: 746950 | AS42: -284250
A43: 44 | B43: 2524400 | C43: 847950 | D43: -575050 | E43: -177850 | F43: 94650 | G43: -553850 | H43: -51350 | I43: -493350 | J43: -550650 | K43: -649450 | L43: -890550 | M43: -488900 | N43: -191550 | O43: 45450 | P43: -84850 | Q43: 170000 | R43: 44700 | S43: 525950 | T43: -215200 | U43: -142100 | V43: -626100 | W43: 106150 | X43: 696700 | Y43: 779100 | Z43: 966250 | AA43: -7500 | AB43: 765250 | AC43: 327450 | AD43: -196400 | AE43: -399050 | AF43: -259250 | AG43: 357500 | AH43: -471950 | AI43: 336200 | AJ43: -585300 | AK43: -324700 | AL43: -155650 | AM43: -392050 | AN43: 55850 | AO43: -888000 | AP43: -821700 | AQ43: -363450 | AR43: 410400 | AS43: 608600 | AT43: 888850
A44: 45 | B44: 2395900 | C44: 72250 | D44: 2800 | E44: -350700 | F44: 214800 | G44: -424800 | H44: -645650 | I44: 279550 | J44: 44600 | K44: -6200 | L44: -25900 | M44: -701650 | N44: -430750 | O44: -590600 | P44: 45250 | Q44: 879950 | R44: -614450 | S44: -602850 | T44: 783000 | U44: -525150 | V44: -837400 | W44: 218850 | X44: -296450 | Y44: 2087700 | Z44: -408400 | AA44: 69850 | AB44: 408050 | AC44: 4900 | AD44: -556250 | AE44: 632550 | AF44: -554200 | AG44: 862000 | AH44: 388500 | AI44: 12300 | AJ44: 1158400 | AK44: 639600 | AL44: 500650 | AM44: -688750 | AN44: -235250 | AO44: 424050 | AP44: -800600 | AQ44: -689450 | AR44: -357400 | AS44: -481600 | AT44: -476950 | AU44: -828600
A45: 46 | B45: 2929750 | C45: 376200 | D45: -568000 | E45: -25600 | F45: 357500 | G45: -123950 | H45: -696900 | I45: -756300 | J45: 492500 | K45: -222000 | L45: 205100 | M45: -798850 | N45: -320600 | O45: -511700 | P45: 189300 | Q45: -477600 | R45: -115550 | S45: 249950 | T45: -1486850 | U45: 247500 | V45: 382400 | W45: -218450 | X45: -565650 | Y45: -533000 | Z45: 579150 | AA45: -576450 | AB45: -894350 | AC45: -522500 | AD45: 204000 | AE45: 51450 | AF45: 89350 | AG45: 237400 | AH45: -50600 | AI45: -987650 | AJ45: -529850 | AK45: 758200 | AL45: 315750 | AM45: 501700 | AN45: 664550 | AO45: 373550 | AP45: -555100 | AQ45: 504150 | AR45: -602500 | AS45: 1463350 | AT45: 826600 | AU45: 321650 | AV45: -185650
A46: 47 | B46: 2516250 | C46: -30550 | D46: 153700 | E46: -398650 | F46: 417850 | G46: -1427800 | H46: 942450 | I46: -875200 | J46: -281100 | K46: -1313300 | L46: 731950 | M46: -91250 | N46: 506350 | O46: -480350 | P46: 187450 | Q46: 172550 | R46: 119650 | S46: 53100 | T46: -1056150 | U46: -31400 | V46: -414550 | W46: -790950 | X46: 171850 | Y46: 405000 | Z46: 146400 | AA46: 691600 | AB46: -59200 | AC46: 452950 | AD46: 189350 | AE46: 237750 | AF46: -746250 | AG46: -62550 | AH46: -1421800 | AI46: -503450 | AJ46: 801250 | AK46: -2200 | AL46: -70600 | AM46: -453900 | AN46: 350950 | AO46: 286200 | AP46: 73250 | AQ46: -289200 | AR46: -285500 | AS46: 642350 | AT46: 1164750 | AU46: 219200 | AV46: -78900 | AW46: -474050
A47: 48 | B47: 2903500 | C47: 909950 | D47: 376600 | E47: -915150 | F47: -197250 | G47: 335950 | H47: 55200 | I47: -566150 | J47: -835600 | K47: 1114450 | L47: 1033400 | M47: -43850 | N47: -24200 | O47: -249500 | P47: 574550 | Q47: -543700 | R47: 170500 | S47: -141200 | T47: -1107750 | U47: 521100 | V47: -44500 | W47: -829500 | X47: -303900 | Y47: -459050 | Z47: 359100 | AA47: -111300 | AB47: -1219750 | AC47: 1521900 | AD47: -522600 | AE47: 59450 | AF47: -80950 | AG47: -309350 | AH47: 1126500 | AI47: -570300 | AJ47: 610300 | AK47: -1201050 | AL47: 275750 | AM47: -1125700 | AN47: -193450 | AO47: 563250 | AP47: -494900 | AQ47: -877550 | AR47: 1598500 | AS47: 320400 | AT47: 369300 | AU47: 155550 | AV47: -972000 | AW47: -774900 | AX47: -244900
A48: 49 | B48: 2792200 | C48: -424200 | D48: -829850 | E48: -378100 | F48: -43650 | G48: -941900 | H48: -345700 | I48: -171200 | J48: 839850 | K48: 931100 | L48: -231750 | M48: -440300 | N48: -311250 | O48: -300250 | P48: 544600 | Q48: -570400 | R48: -838950 | S48: -757550 | T48: 348850 | U48: 14100 | V48: 73350 | W48: -681700 | X48: 97750 | Y48: -55950 | Z48: -468250 | AA48: -171700 | AB48: 400050 | AC48: 388550 | AD48: 132050 | AE48: 80050 | AF48: 368750 | AG48: 275250 | AH48: 25350 | AI48: 81000 | AJ48: 227750 | AK48: 800350 | AL48: 4150 | AM48: -732550 | AN48: 521050 | AO48: 167900 | AP48: 741450 | AQ48: -316750 | AR48: -784650 | AS48: -251900 | AT48: 829500 | AU48: 76750 | AV48: -405100 | AW48: 400150 | AX48: 42550 | AY48: -755750
A49: 50 | B49: 928350 | C49: -274500 | D49: -464050 | E49: -231300 | F49: 224300 | G49: 46000 | H49: -1045900 | I49: -519800 | J49: -904200 | K49: 548150 | L49: 354000 | M49: -417900 | N49: 1214150 | O49: -636900 | P49: -351450 | Q49: 166300 | R49: -121650 | S49: 881800 | T49: 269950 | U49: 90000 | V49: -407200 | W49: 569950 | X49: -139050 | Y49: 68900 | Z49: 174800 | AA49: 4000 | AB49: -513450 | AC49: -235300 | AD49: -453050 | AE49: 3550 | AF49: 295800 | AG49: 89700 | AH49: -109450 | AI49: 197250 | AJ49: 373950 | AK49: -316550 | AL49: 297900 | AM49: -337400 | AN49: 779450 | AO49: 257250 | AP49: -490550 | AQ49: 599550 | AR49: 229950 | AS49: -213400 | AT49: -762000 | AU49: -143850 | AV49: 336050 | AW49: 1277350 | AX49: -918200 | AY49: 220300 | AZ49: -496600
A50: 51 | B50: 2193250 | C50: -153700 | D50: 70800 | E50: 69900 | F50: 68800 | G50: -200850 | H50: -777350 | I50: -584700 | J50: 12000 | K50: -1084200 | L50: -359750 | M50: -176500 | N50: 159450 | O50: -214000 | P50: 1110750 | Q50: 234650 | R50: -157200 | S50: -263450 | T50: -38000 | U50: -469200 | V50: 902300 | W50: -630950 | X50: -190900 | Y50: -107400 | Z50: -718200 | AA50: 1007600 | AB50: 188450 | AC50: -804250 | AD50: -1096400 | AE50: -325000 | AF50: 1036350 | AG50: -50250 | AH50: -11800 | AI50: 171000 | AJ50: -119400 | AK50: -605350 | AL50: 225200 | AM50: 345300 | AN50: -234850 | AO50: -221100 | AP50: -332100 | AQ50: 758700 | AR50: 894500 | AS50: 678850 | AT50: -170850 | AU50: -494200 | AV50: 843250 | AW50: -312100 | AX50: 378650 | AY50: -248250 | AZ50: 186600 | BA50: -389200
A51: 52 | B51: 1932150 | C51: -1514850 | D51: -633650 | E51: -743250 | F51: 1045700 | G51: -636400 | H51: 121150 | I51: 136850 | J51: -631600 | K51: 198950 | L51: -821500 | M51: -1045600 | N51: -817700 | O51: 778600 | P51: -641000 | Q51: -664200 | R51: -179200 | S51: -740350 | T51: 118700 | U51: 748100 | V51: 45250 | W51: -230050 | X51: -448700 | Y51: 985550 | Z51: 295100 | AA51: 374750 | AB51: 922800 | AC51: -971500 | AD51: -279250 | AE51: -490400 | AF51: 288900 | AG51: -812050 | AH51: 904250 | AI51: -448550 | AJ51: -1178450 | AK51: -240900 | AL51: 350650 | AM51: 583450 | AN51: 253550 | AO51: 636300 | AP51: -435950 | AQ51: 952100 | AR51: 1454250 | AS51: -512300 | AT51: 103900 | AU51: -24900 | AV51: -475800 | AW51: 113850 | AX51: 276800 | AY51: 295000 | AZ51: 551600 | BA51: 238050 | BB51: 906600
A52: 53 | B52: 2063150 | C52: 48200 | D52: 1178750 | E52: 101000 | F52: 1027200 | G52: -780150 | H52: -611750 | I52: -467100 | J52: -404350 | K52: -228300 | L52: 514850 | M52: -189350 | N52: 149450 | O52: -302900 | P52: -33800 | Q52: 683300 | R52: -507750 | S52: -27950 | T52: -345200 | U52: -74500 | V52: 100600 | W52: 393250 | X52: -292650 | Y52: -730250 | Z52: 9700 | AA52: -530950 | AB52: 714300 | AC52: -334500 | AD52: 257150 | AE52: -227300 | AF52: -487000 | AG52: 5200 | AH52: -43300 | AI52: -379900 | AJ52: -399750 | AK52: 325250 | AL52: 252900 | AM52: -237150 | AN52: -620150 | AO52: 665350 | AP52: -744750 | AQ52: -18950 | AR52: 24600 | AS52: 1035400 | AT52: -345000 | AU52: 118150 | AV52: 921100 | AW52: 298550 | AX52: 305200 | AY52: 393000 | AZ52: -725850 | BA52: -656050 | BB52: -498700 | BC52: -345600
A53: 54 | B53: 2567750 | C53: 213400 | D53: -409150 | E53: -1077650 | F53: -770050 | G53: -842150 | H53: -58600 | I53: 8500 | J53: 144250 | K53: -336300 | L53: -995800 | M53: -484500 | N53: -330100 | O53: 873550 | P53: -1842850 | Q53: -242550 | R53: 476350 | S53: -86300 | T53: 1099400 | U53: 340250 | V53: 227100 | W53: -295550 | X53: 121500 | Y53: 703150 | Z53: -90800 | AA53: -312200 | AB53: 781550 | AC53: 155450 | AD53: 600500 | AE53: -642850 | AF53: 117800 | AG53: 41600 | AH53: 137700 | AI53: 1006400 | AJ53: -880100 | AK53: 974250 | AL53: -1506250 | AM53: 890400 | AN53: 105650 | AO53: 816100 | AP53: 527850 | AQ53: 178550 | AR53: -389600 | AS53: -231200 | AT53: -814700 | AU53: -312450 | AV53: -459650 | AW53: 433300 | AX53: -437150 | AY53: 269600 | AZ53: -6100 | BA53: -285500 | BB53: -737250 | BC53: 335150 | BD53: 724900
A54: 55 | B54: 2071550 | C54: 18600 | D54: 16900 | E54: 163200 | F54: -749150 | G54: -6650 | H54: 77800 | I54: -976750 | J54: 728100 | K54: -1698300 | L54: 1053750 | M54: 47200 | N54: 205900 | O54: 188150 | P54: 695850 | Q54: 392550 | R54: 278900 | S54: 38700 | T54: -49700 | U54: 598500 | V54: -1152650 | W54: -973250 | X54: -447300 | Y54: 783750 | Z54: 283850 | AA54: -338350 | AB54: -705450 | AC54: -464500 | AD54: -553100 | AE54: 128300 | AF54: 836500 | AG54: -730400 | AH54: -268900 | AI54: 458050 | AJ54: -321650 | AK54: 5100 | AL54: -617250 | AM54: -200100 | AN54: 375950 | AO54: 192100 | AP54: 1051200 | AQ54: 102650 | AR54: -1339350 | AS54: 272600 | AT54: -282700 | AU54: 444100 | AV54: 647450 | AW54: -1065100 | AX54: 1312300 | AY54: 43200 | AZ54: 5200 | BA54: -774700 | BB54: -412850 | BC54: 171950 | BD54: 108250 | BE54: 324500
A55: 56 | B55: 2487100 | C55: 788650 | D55: 371800 | E55: 654850 | F55: 36950 | G55: -495000 | H55: 608950 | I55: -1345600 | J55: -618800 | K55: -722400 | L55: 245500 | M55: -1237550 | N55: -120450 | O55: 402450 | P55: -735650 | Q55: 1407900 | R55: 339850 | S55: -102000 | T55: 795800 | U55: 188100 | V55: -445000 | W55: 786000 | X55: 355300 | Y55: 458600 | Z55: 1117250 | AA55: -205250 | AB55: -474800 | AC55: -957550 | AD55: -719500 | AE55: 296250 | AF55: 429000 | AG55: -431800 | AH55: 751600 | AI55: -82550 | AJ55: -453000 | AK55: -40300 | AL55: -171400 | AM55: 858200 | AN55: 185250 | AO55: -1158550 | AP55: -915000 | AQ55: 662200 | AR55: 344650 | AS55: -878650 | AT55: -649250 | AU55: -1042950 | AV55: 11350 | AW55: -372850 | AX55: 383000 | AY55: 523650 | AZ55: 274500 | BA55: -270700 | BB55: 521900 | BC55: -272800 | BD55: -826300 | BE55: 134400 | BF55: -680950
A56: 57 | B56: 2356000 | C56: -452550 | D56: -36750 | E56: 69500 | F56: 478750 | G56: -433750 | H56: -425500 | I56: 12150 | J56: -419200 | K56: -395350 | L56: 1066150 | M56: -240950 | N56: 598700 | O56: -13250 | P56: -23550 | Q56: 286950 | R56: -54350 | S56: 528300 | T56: -392000 | U56: -572200 | V56: -185000 | W56: 161200 | X56: 102450 | Y56: 218400 | Z56: -194200 | AA56: 1184750 | AB56: -614650 | AC56: -1438400 | AD56: 489200 | AE56: -336800 | AF56: -1734400 | AG56: -688500 | AH56: 370300 | AI56: -737600 | AJ56: 440800 | AK56: -456900 | AL56: 421400 | AM56: 597200 | AN56: -908500 | AO56: -174900 | AP56: -329950 | AQ56: -53400 | AR56: 442150 | AS56: 72900 | AT56: -508650 | AU56: 740300 | AV56: -475400 | AW56: 372350 | AX56: -816700 | AY56: -766150 | AZ56: 152900 | BA56: 987350 | BB56: -225700 | BC56: 465800 | BD56: 1066450 | BE56: -213150 | BF56: 451700 | BG56: 178550
A57: 58 | B57: 1684950 | C57: 796050 | D57: 183300 | E57: 279200 | F57: 1443000 | G57: 398950 | H57: -421000 | I57: -149200 | J57: -575800 | K57: 426100 | L57: 1060550 | M57: -246600 | N57: -1442700 | O57: 632200 | P57: -488050 | Q57: 867050 | R57: -497350 | S57: -279600 | T57: 228200 | U57: -270400 | V57: -289700 | W57: -531350 | X57: -865600 | Y57: 1066100 | Z57: 488200 | AA57: -353850 | AB57: -384850 | AC57: 94150 | AD57: 163100 | AE57: 688650 | AF57: -246750 | AG57: -91700 | AH57: -588500 | AI57: 129400 | AJ57: 250500 | AK57: -884700 | AL57: -363950 | AM57: 38550 | AN57: -57150 | AO57: -32300 | AP57: -503950 | AQ57: -667500 | AR57: -1222250 | AS57: -327600 | AT57: 1298950 | AU57: 367800 | AV57: 155200 | AW57: -1028000 | AX57: -212750 | AY57: 418350 | AZ57: -630700 | BA57: 133950 | BB57: -850350 | BC57: 328500 | BD57: -211950 | BE57: 550150 | BF57: -352650 | BG57: 1247950 | BH57: -356050
A58: 59 | B58: 1902600 | C58: 332100 | D58: -462100 | E58: -275900 | F58: -226100 | G58: 299200 | H58: 125700 | I58: -500150 | J58: 589650 | K58: 800700 | L58: -250600 | M58: -347650 | N58: 262400 | O58: -599650 | P58: 847150 | Q58: -541900 | R58: -195500 | S58: -891800 | T58: 580550 | U58: -824350 | V58: -320100 | W58: 1073250 | X58: 461400 | Y58: 1002100 | Z58: 255350 | AA58: 823800 | AB58: 540850 | AC58: 945350 | AD58: 250400 | AE58: -643700 | AF58: 759950 | AG58: -174700 | AH58: -1398500 | AI58: 377300 | AJ58: -21050 | AK58: -231450 | AL58: -764500 | AM58: -661850 | AN58: 93100 | AO58: -1367050 | AP58: 94000 | AQ58: 33300 | AR58: 596400 | AS58: 110300 | AT58: -176450 | AU58: -290750 | AV58: -250450 | AW58: -1066350 | AX58: -345450 | AY58: -658450 | AZ58: 339250 | BA58: 3600 | BB58: -1219950 | BC58: 99350 | BD58: 314400 | BE58: 1219150 | BF58: 1126900 | BG58: -866150 | BH58: 102500 | BI58: -795350
A59: 60 | B59: 2111150 | C59: 126000 | D59: -405200 | E59: 393550 | F59: 69850 | G59: 91050 | H59: -498650 | I59: 650250 | J59: 552750 | K59: -927900 | L59: 39400 | M59: -382700 | N59: 642250 | O59: 839550 | P59: -734550 | Q59: 856600 | R59: -1056300 | S59: -1165400 | T59: -1277800 | U59: -1435450 | V59: 62350 | W59: 749750 | X59: -550100 | Y59: 368400 | Z59: 718800 | AA59: -951200 | AB59: 186150 | AC59: 769000 | AD59: 597850 | AE59: 134250 | AF59: 579450 | AG59: 759650 | AH59: -1036300 | AI59: 354400 | AJ59: 315400 | AK59: -580550 | AL59: -111350 | AM59: 281300 | AN59: 906050 | AO59: -321950 | AP59: 84600 | AQ59: -449800 | AR59: 190000 | AS59: 6050 | AT59: 380650 | AU59: -677100 | AV59: -248800 | AW59: 156200 | AX59: -206350 | AY59: -1041050 | AZ59: -130650 | BA59: -374850 | BB59: -172300 | BC59: -935900 | BD59: -206500 | BE59: 1627900 | BF59: 903850 | BG59: -957700 | BH59: 64650 | BI59: -321600 | BJ59: 582900
A60: 61 | B60: 2277350 | C60: 199250 | D60: -233200 | E60: -27800 | F60: 1300600 | G60: 234650 | H60: -323450 | I60: -700950 | J60: 345300 | K60: -600100 | L60: -528900 | M60: 204650 | N60: -37300 | O60: 427400 | P60: -588000 | Q60: 318900 | R60: -730850 | S60: 614600 | T60: 88450 | U60: -768700 | V60: -39200 | W60: 1047650 | X60: -95500 | Y60: -178400 | Z60: -999750 | AA60: 805000 | AB60: -1690700 | AC60: -1125850 | AD60: 127750 | AE60: -82950 | AF60: 7800 | AG60: -317650 | AH60: -429600 | AI60: -20950 | AJ60: 905800 | AK60: 735850 | AL60: 54050 | AM60: 762400 | AN60: -580400 | AO60: 744250 | AP60: 313500 | AQ60: -275250 | AR60: 1176100 | AS60: -858500 | AT60: 20850 | AU60: 75100 | AV60: 564050 | AW60: -284500 | AX60: -434800 | AY60: -437750 | AZ60: -54950 | BA60: -730000 | BB60: 154450 | BC60: -718450 | BD60: 497700 | BE60: 252050 | BF60: -260400 | BG60: 152950 | BH60: 288600 | BI60: -97250 | BJ60: -653350 | BK60: 202250
A61: 62 | B61: 1176700 | C61: -1216400 | D61: -339850 | E61: 356900 | F61: -728650 | G61: -1327100 | H61: 147650 | I61: -96500 | J61: -811650 | K61: -878500 | L61: -363500 | M61: 887050 | N61: 1139850 | O61: 245550 | P61: -65800 | Q61: 254500 | R61: 421300 | S61: -56150 | T61: 1138900 | U61: -978650 | V61: 962500 | W61: -343200 | X61: -331850 | Y61: 421050 | Z61: 718900 | AA61: -726400 | AB61: -931050 | AC61: -307000 | AD61: -120750 | AE61: 185050 | AF61: -781500 | AG61: 580800 | AH61: -2603000 | AI61: -585250 | AJ61: 377650 | AK61: -504900 | AL61: 484800 | AM61: -389150 | AN61: -423750 | AO61: 917800 | AP61: 894350 | AQ61: 977500 | AR61: -432600 | AS61: 1281250 | AT61: 876250 | AU61: 3400 | AV61: -486800 | AW61: -1251750 | AX61: 687500 | AY61: 810350 | AZ61: -19550 | BA61: 216750 | BB61: 8550 | BC61: -450450 | BD61: -127650 | BE61: 155450 | BF61: -264850 | BG61: 72900 | BH61: 328450 | BI61: 932950 | BJ61: 58850 | BK61: -457150 | BL61: 673700
A62: 63 | B62: 1644700 | C62: 281850 | D62: -1080300 | E62: 180850 | F62: -457550 | G62: -940400 | H62: -762450 | I62: 356650 | J62: 726650 | K62: 451900 | L62: 723100 | M62: -192850 | N62: 245650 | O62: 24300 | P62: -706400 | Q62: -274400 | R62: 62000 | S62: -140700 | T62: -282400 | U62: -632900 | V62: -35250 | W62: -601200 | X62: 954600 | Y62: -628600 | Z62: 717050 | AA62: 837050 | AB62: 822850 | AC62: 1315900 | AD62: -845850 | AE62: 380450 | AF62: 105450 | AG62: 328650 | AH62: 525300 | AI62: -1158200 | AJ62: 751350 | AK62: -8950 | AL62: -874400 | AM62: -180350 | AN62: -321200 | AO62: 1692100 | AP62: -200950 | AQ62: -348950 | AR62: -821850 | AS62: 858200 | AT62: 1177850 | AU62: -275100 | AV62: -1102100 | AW62: -113300 | AX62: -246250 | AY62: 717750 | AZ62: -150200 | BA62: -792300 | BB62: 2550 | BC62: 1411750 | BD62: 381250 | BE62: 524450 | BF62: -1736450 | BG62: -733500 | BH62: -6050 | BI62: 676400 | BJ62: -474400 | BK62: -1113200 | BL62: 592450 | BM62: -1238400
A63: 64 | B63: 1568950 | C63: -723550 | D63: 1175550 | E63: 119350 | F63: -397950 | G63: 711800 | H63: 288800 | I63: -57600 | J63: -282650 | K63: -42950 | L63: -1048050 | M63: -172400 | N63: 185550 | O63: -535950 | P63: -655500 | Q63: -34650 | R63: -32800 | S63: 255950 | T63: 180850 | U63: -1063300 | V63: 45750 | W63: 491850 | X63: -125200 | Y63: 465450 | Z63: -1042500 | AA63: 758900 | AB63: -230100 | AC63: 613800 | AD63: -164350 | AE63: -436400 | AF63: 512750 | AG63: 511050 | AH63: -568850 | AI63: 802600 | AJ63: 280650 | AK63: 681850 | AL63: 131100 | AM63: 170900 | AN63: -630000 | AO63: -88800 | AP63: -562950 | AQ63: -631850 | AR63: -321950 | AS63: -1521550 | AT63: 88150 | AU63: 510750 | AV63: 589050 | AW63: -206850 | AX63: -665400 | AY63: -685850 | AZ63: 765650 | BA63: -511300 | BB63: -13150 | BC63: 732950 | BD63: 400550 | BE63: 408000 | BF63: -326550 | BG63: -269050 | BH63: 415050 | BI63: 553900 | BJ63: -802250 | BK63: 122950 | BL63: -274650 | BM63: -61200 | BN63: 641250
A64: 65 | B64: 2208700 | C64: -1383950 | D64: 885250 | E64: -1523500 | F64: -394850 | G64: 208850 | H64: -15150 | I64: -69300 | J64: -562300 | K64: -134550 | L64: 236250 | M64: -271750 | N64: 697500 | O64: -157750 | P64: 308950 | Q64: 485300 | R64: -150400 | S64: 228450 | T64: 823650 | U64: 1697050 | V64: 302450 | W64: 614900 | X64: -402350 | Y64: -447550 | Z64: 856150 | AA64: -294500 | AB64: -288400 | AC64: -943950 | AD64: -326950 | AE64: -758700 | AF64: -254050 | AG64: -414600 | AH64: -634150 | AI64: -461000 | AJ64: 133500 | AK64: 208950 | AL64: -274150 | AM64: 787400 | AN64: -111500 | AO64: -123550 | AP64: -621250 | AQ64: 220650 | AR64: 849950 | AS64: 129600 | AT64: 861350 | AU64: -523400 | AV64: -219900 | AW64: -936600 | AX64: 106050 | AY64: 395900 | AZ64: 596800 | BA64: 1342300 | BB64: 810000 | BC64: 223900 | BD64: -651500 | BE64: -703800 | BF64: 576000 | BG64: -688600 | BH64: -1072750 | BI64: -164850 | BJ64: 570200 | BK64: 697400 | BL64: -826850 | BM64: -607350 | BN64: 404200 | BO64: -1058350
A65: 66 | B65: 1850300 | C65: 875450 | D65: -729200 | E65: 828050 | F65: -822650 | G65: -1324650 | H65: 159700 | I65: 277450 | J65: -625550 | K65: 925700 | L65: 229350 | M65: 644150 | N65: 545550 | O65: -954800 | P65: -37300 | Q65: -53400 | R65: 64950 | S65: -77050 | T65: -101700 | U65: -894800 | V65: 484550 | W65: 883750 | X65: -74200 | Y65: -1094450 | Z65: -269800 | AA65: -651200 | AB65: 144600 | AC65: 712150 | AD65: 302500 | AE65: 140150 | AF65: -246150 | AG65: 1166200 | AH65: 1273400 | AI65: -339650 | AJ65: -122850 | AK65: -1181650 | AL65: -656600 | AM65: -502600 | AN65: -316800 | AO65: -266050 | AP65: 218400 | AQ65: -323250 | AR65: 547250 | AS65: -137400 | AT65: 32400 | AU65: 33050 | AV65: 940550 | AW65: 250650 | AX65: -208750 | AY65: 1096600 | AZ65: 80750 | BA65: 257750 | BB65: -88450 | BC65: -287050 | BD65: 496700 | BE65: -696700 | BF65: -458700 | BG65: 23150 | BH65: -100700 | BI65: -892050 | BJ65: -365350 | BK65: -89250 | BL65: 823200 | BM65: -597950 | BN65: -508900 | BO65: -328700 | BP65: 111300
A66: 67 | B66: 949900 | C66: -1176000 | D66: -1053050 | E66: 234650 | F66: -179400 | G66: 1193650 | H66: 1209500 | I66: 116800 | J66: 304150 | K66: -704900 | L66: 439200 | M66: -224550 | N66: -682600 | O66: 239900 | P66: -880600 | Q66: -616900 | R66: -236700 | S66: -915050 | T66: 92350 | U66: -291250 | V66: -192250 | W66: 1470650 | X66: 92700 | Y66: -673500 | Z66: -622700 | AA66: 357250 | AB66: 657450 | AC66: 1074300 | AD66: -413750 | AE66: 290950 | AF66: 332650 | AG66: 406000 | AH66: -372600 | AI66: 242750 | AJ66: 8950 | AK66: -62800 | AL66: 1473250 | AM66: -103600 | AN66: 39250 | AO66: -553150 | AP66: -352800 | AQ66: 694550 | AR66: 382350 | AS66: -534850 | AT66: -229800 | AU66: 1029100 | AV66: -119000 | AW66: -145800 | AX66: -818250 | AY66: -649800 | AZ66: -1556600 | BA66: -137400 | BB66: 1538200 | BC66: -171700 | BD66: 567200 | BE66: -1475100 | BF66: 322900 | BG66: 418200 | BH66: -1476750 | BI66: -629600 | BJ66: -532000 | BK66: -489700 | BL66: 838900 | BM66: 1034050 | BN66: 255450 | BO66: 220900 | BP66: 186750 | BQ66: 553000
A67: 68 | B67: 1776450 | C67: 163900 | D67: 1076150 | E67: 292500 | F67: 272500 | G67: 303050 | H67: 1003300 | I67: -1806550 | J67: 588100 | K67: 408450 | L67: -23500 | M67: -54250 | N67: -567000 | O67: -814200 | P67: 61000 | Q67: -351550 | R67: -1005000 | S67: 1372800 | T67: 64600 | U67: -226350 | V67: -501650 | W67: -105550 | X67: -589450 | Y67: -409150 | Z67: -384650 | AA67: -345700 | AB67: -476450 | AC67: 14600 | AD67: 199150 | AE67: 78800 | AF67: 113150 | AG67: 312750 | AH67: 587400 | AI67: 1101500 | AJ67: 278150 | AK67: -387100 | AL67: -1393650 | AM67: -209050 | AN67: -383700 | AO67: -270450 | AP67: -327300 | AQ67: -571700 | AR67: 665950 | AS67: -657200 | AT67: -538250 | AU67: 211800 | AV67: 615600 | AW67: -71050 | AX67: 747200 | AY67: -166600 | AZ67: 207950 | BA67: 1211850 | BB67: 122600 | BC67: -640600 | BD67: -147300 | BE67: -13700 | BF67: -110000 | BG67: 314850 | BH67: 456600 | BI67: -263500 | BJ67: 187650 | BK67: -627200 | BL67: -437750 | BM67: 311500 | BN67: -632950 | BO67: -289950 | BP67: 455900 | BQ67: 47750 | BR67: 167700
A68: 69 | B68: 1789550 | C68: 877400 | D68: 46450 | E68: 361100 | F68: -946250 | G68: -606750 | H68: -425250 | I68: -873800 | J68: 659250 | K68: -48850 | L68: 260200 | M68: 657200 | N68: -22550 | O68: 316300 | P68: -1750 | Q68: -248800 | R68: 1366000 | S68: -82250 | T68: 252950 | U68: -107400 | V68: 584000 | W68: 12050 | X68: 1896650 | Y68: 1111400 | Z68: -1928750 | AA68: 472050 | AB68: -737900 | AC68: 788900 | AD68: 1066700 | AE68: -1020500 | AF68: -113800 | AG68: -265500 | AH68: -987200 | AI68: -984100 | AJ68: 758100 | AK68: -553400 | AL68: 679850 | AM68: -383150 | AN68: -164350 | AO68: 278350 | AP68: 488850 | AQ68: 525200 | AR68: -450550 | AS68: -55050 | AT68: 278450 | AU68: -1028100 | AV68: -184900 | AW68: 618050 | AX68: 189700 | AY68: -461200 | AZ68: 22050 | BA68: 1079450 | BB68: -237550 | BC68: -1434200 | BD68: -307050 | BE68: 1078550 | BF68: -1366000 | BG68: 166100 | BH68: -454200 | BI68: 63500 | BJ68: -262250 | BK68: -621150 | BL68: 344200 | BM68: -480250 | BN68: -519900 | BO68: -596350 | BP68: 780600 | BQ68: -1223550 | BR68: -200850 | BS68: 509350
A69: 70 | B69: 1467850 | C69: -770900 | D69: 412600 | E69: -553000 | F69: -306150 | G69: -269250 | H69: 681800 | I69: -573250 | J69: 125600 | K69: 202250 | L69: -417350 | M69: 331150 | N69: -1234450 | O69: 961000 | P69: 511100 | Q69: -235050 | R69: -433350 | S69: -85200 | T69: 659350 | U69: 1080350 | V69: -52950 | W69: -382800 | X69: 1002950 | Y69: -647050 | Z69: 709900 | AA69: -1174300 | AB69: -918400 | AC69: 1058900 | AD69: 337200 | AE69: 1484600 | AF69: -554100 | AG69: -123500 | AH69: 414900 | AI69: 155750 | AJ69: 563550 | AK69: -210550 | AL69: 856650 | AM69: 633000 | AN69: 602350 | AO69: -1819250 | AP69: 620400 | AQ69: 872050 | AR69: -489100 | AS69: -1067050 | AT69: 167600 | AU69: -59400 | AV69: 960750 | AW69: 410050 | AX69: 338300 | AY69: -844150 | AZ69: 272300 | BA69: -179150 | BB69: 268050 | BC69: -134500 | BD69: 792250 | BE69: -1680300 | BF69: 1257450 | BG69: -505800 | BH69: 31000 | BI69: -542450 | BJ69: -619200 | BK69: 652050 | BL69: -686450 | BM69: -588150 | BN69: -75450 | BO69: -27700 | BP69: -452350 | BQ69: -507950 | BR69: -542450 | BS69: -404900 | BT69: -734700
A70: 71 | B70: 2022900 | C70: 1124350 | D70: 485350 | E70: 1741400 | F70: -1200500 | G70: -296650 | H70: 557300 | I70: -1379550 | J70: 579300 | K70: -1707700 | L70: -597650 | M70: 1025100 | N70: -1152300 | O70: -1031650 | P70: 105200 | Q70: -446400 | R70: 267000 | S70: 708650 | T70: 415350 | U70: 121200 | V70: 456300 | W70: -370150 | X70: 236650 | Y70: 739450 | Z70: 248850 | AA70: 184950 | AB70: 786600 | AC70: 86000 | AD70: 146800 | AE70: 78550 | AF70: 911900 | AG70: 327400 | AH70: 305200 | AI70: 532150 | AJ70: -41050 | AK70: -772300 | AL70: 161050 | AM70: -23900 | AN70: 601750 | AO70: 91150 | AP70: 808650 | AQ70: 398600 | AR70: -293650 | AS70: -150800 | AT70: -556350 | AU70: 397900 | AV70: -807650 | AW70: -310250 | AX70: 10250 | AY70: -250100 | AZ70: -935000 | BA70: -701000 | BB70: 361950 | BC70: -244350 | BD70: 108450 | BE70: -749350 | BF70: -441750 | BG70: -87300 | BH70: -756550 | BI70: -982750 | BJ70: -333100 | BK70: 1002050 | BL70: -1117500 | BM70: -603900 | BN70: -417300 | BO70: -968150 | BP70: -454150 | BQ70: -56800 | BR70: 1158550 | BS70: 513150 | BT70: 1316200 | BU70: -893150
A71: 72 | B71: 1816600 | C71: 334750 | D71: 172850 | E71: 70700 | F71: 165200 | G71: -29500 | H71: 455750 | I71: -570950 | J71: -149250 | K71: -797700 | L71: -114850 | M71: 33700 | N71: 582000 | O71: 333950 | P71: -1216950 | Q71: 535900 | R71: 200150 | S71: 196200 | T71: 587400 | U71: 637100 | V71: -146200 | W71: 1423050 | X71: -772650 | Y71: -1070100 | Z71: -72950 | AA71: -1260900 | AB71: -888750 | AC71: 386850 | AD71: -8000 | AE71: -679750 | AF71: -859850 | AG71: 247600 | AH71: -439400 | AI71: 205150 | AJ71: 1146300 | AK71: -674550 | AL71: 671400 | AM71: -161100 | AN71: 181100 | AO71: -1107550 | AP71: -473050 | AQ71: -374600 | AR71: -1200200 | AS71: -932800 | AT71: 607150 | AU71: 801500 | AV71: 1121200 | AW71: 848550 | AX71: 15150 | AY71: -364000 | AZ71: 453250 | BA71: 856750 | BB71: 457100 | BC71: 651900 | BD71: 1000 | BE71: -947050 | BF71: -482400 | BG71: -455700 | BH71: 987250 | BI71: -54250 | BJ71: 242600 | BK71: -532500 | BL71: 981350 | BM71: -215800 | BN71: 726700 | BO71: -444200 | BP71: -683450 | BQ71: 699700 | BR71: 816250 | BS71: -833850 | BT71: -636250 | BU71: -697950 | BV71: -309300
A72: 73 | B72: 1484300 | C72: -767600 | D72: -1365500 | E72: -795300 | F72: -957850 | G72: -481000 | H72: -1173850 | I72: -250100 | J72: -5950 | K72: 375150 | L72: 934650 | M72: 477200 | N72: -802950 | O72: 127400 | P72: 1152750 | Q72: -789400 | R72: 992300 | S72: 932150 | T72: -690350 | U72: -349400 | V72: 179000 | W72: -853550 | X72: -387250 | Y72: -451400 | Z72: 463800 | AA72: 38650 | AB72: -183350 | AC72: 728000 | AD72: -912550 | AE72: -246050 | AF72: -136900 | AG72: 195850 | AH72: 144700 | AI72: -221850 | AJ72: 956900 | AK72: -130700 | AL72: 658150 | AM72: 4400 | AN72: -60650 | AO72: 742950 | AP72: -792300 | AQ72: -791800 | AR72: -397000 | AS72: 825300 | AT72: -419350 | AU72: 877150 | AV72: -815200 | AW72: 280200 | AX72: 209200 | AY72: -65750 | AZ72: -108650 | BA72: -524100 | BB72: -1315500 | BC72: 65350 | BD72: -1229600 | BE72: -8600 | BF72: 1984900 | BG72: 1864350 | BH72: 552100 | BI72: -741600 | BJ72: 809850 | BK72: -1029450 | BL72: 278600 | BM72: -442300 | BN72: -32000 | BO72: 691650 | BP72: 399850 | BQ72: 202250 | BR72: 474200 | BS72: 472750 | BT72: -468850 | BU72: 148550 | BV72: -1044850 | BW72: 1508550
A73: 74 | B73: 834850 | C73: -1181650 | D73: -224650 | E73: 565900 | F73: 381500 | G73: 104150 | H73: 116850 | I73: 546350 | J73: -78100 | K73: -204350 | L73: 215100 | M73: 722600 | N73: -62900 | O73: 1029500 | P73: 697600 | Q73: 704000 | R73: 1109350 | S73: -86300 | T73: -265350 | U73: -619650 | V73: -1321800 | W73: 716400 | X73: 186050 | Y73: -941800 | Z73: -237100 | AA73: -23900 | AB73: 438100 | AC73: -251500 | AD73: -292600 | AE73: -86950 | AF73: 817850 | AG73: -798800 | AH73: 15400 | AI73: -532600 | AJ73: -965950 | AK73: -46250 | AL73: -190650 | AM73: -333150 | AN73: -54950 | AO73: -770600 | AP73: 651550 | AQ73: 44950 | AR73: -12600 | AS73: -491950 | AT73: 284950 | AU73: -273250 | AV73: 165800 | AW73: 302150 | AX73: 72000 | AY73: 848750 | AZ73: 105450 | BA73: -211150 | BB73: 313800 | BC73: 91400 | BD73: -1127500 | BE73: 43850 | BF73: 361000 | BG73: -293750 | BH73: 1771500 | BI73: 230700 | BJ73: -430450 | BK73: 145500 | BL73: -837600 | BM73: 1333650 | BN73: -467600 | BO73: 457800 | BP73: -136900 | BQ73: -501600 | BR73: -919450 | BS73: -955250 | BT73: 368800 | BU73: -159350 | BV73: 653650 | BW73: -107400 | BX73: -958850
A74: 75 | B74: 1076650 | C74: -344650 | D74: -1009000 | E74: -620350 | F74: 58150 | G74: 1362950 | H74: 207700 | I74: 350550 | J74: 770650 | K74: 28250 | L74: -527700 | M74: 200650 | N74: -335750 | O74: -573700 | P74: -460050 | Q74: 707000 | R74: -21050 | S74: -206050 | T74: 836200 | U74: 103850 | V74: -278850 | W74: 220500 | X74: 282200 | Y74: -894200 | Z74: -100500 | AA74: 584700 | AB74: 115100 | AC74: -1002900 | AD74: -666550 | AE74: 624850 | AF74: -564200 | AG74: 444900 | AH74: -522650 | AI74: 210900 | AJ74: -332450 | AK74: 305850 | AL74: 103950 | AM74: 459750 | AN74: -714050 | AO74: 308900 | AP74: 177700 | AQ74: 283500 | AR74: -1129950 | AS74: -869800 | AT74: 607600 | AU74: -2042750 | AV74: 446950 | AW74: -32850 | AX74: 433900 | AY74: 103850 | AZ74: -189550 | BA74: 24400 | BB74: -37150 | BC74: 932050 | BD74: 883500 | BE74: 625100 | BF74: -773800 | BG74: 288550 | BH74: -671250 | BI74: -1254850 | BJ74: -696900 | BK74: -357800 | BL74: -79250 | BM74: 53150 | BN74: 119700 | BO74: 352500 | BP74: 97500 | BQ74: -340200 | BR74: -461850 | BS74: 953950 | BT74: 534250 | BU74: 612350 | BV74: -307050 | BW74: 1205400 | BX74: 968200 | BY74: -656150
A75: 76 | B75: 1715850 | C75: -514950 | D75: -305400 | E75: -1229750 | F75: -1018250 | G75: 216300 | H75: -997200 | I75: -57850 | J75: -67600 | K75: -640450 | L75: 538900 | M75: 211400 | N75: -171450 | O75: -485650 | P75: 476400 | Q75: -114500 | R75: -987700 | S75: 586750 | T75: -916900 | U75: 1047750 | V75: -82650 | W75: 406500 | X75: -1107250 | Y75: 722800 | Z75: -313000 | AA75: 856200 | AB75: 492750 | AC75: 399050 | AD75: 57000 | AE75: 48150 | AF75: -745800 | AG75: -260150 | AH75: -1213550 | AI75: -761400 | AJ75: 1463600 | AK75: 310400 | AL75: -417700 | AM75: -741100 | AN75: 577750 | AO75: -644750 | AP75: 304950 | AQ75: -332650 | AR75: -854650 | AS75: 756300 | AT75: 1207850 | AU75: -590300 | AV75: -1636450 | AW75: -22850 | AX75: -311450 | AY75: 236850 | AZ75: 648250 | BA75: 1577050 | BB75: 153900 | BC75: 618500 | BD75: 545000 | BE75: -1100 | BF75: -1311300 | BG75: 254800 | BH75: -664600 | BI75: 1057000 | BJ75: 110100 | BK75: -33150 | BL75: 298800 | BM75: -666200 | BN75: 484850 | BO75: 44600 | BP75: -240400 | BQ75: 614850 | BR75: -465450 | BS75: 187000 | BT75: 237550 | BU75: -383050 | BV75: -630300 | BW75: 1302450 | BX75: 494600 | BY75: 197050 | BZ75: 471450
A76: 77 | B76: 974700 | C76: -445200 | D76: 260600 | E76: 101050 | F76: -1607200 | G76: 485000 | H76: -1640200 | I76: 434300 | J76: 480700 | K76: -157000 | L76: 156100 | M76: 365550 | N76: 465850 | O76: 476250 | P76: 868300 | Q76: 465100 | R76: 878000 | S76: -41050 | T76: 488300 | U76: -6100 | V76: 340050 | W76: -228350 | X76: 1224550 | Y76: -1261550 | Z76: -342700 | AA76: 53450 | AB76: -119850 | AC76: -181200 | AD76: -1247350 | AE76: 106900 | AF76: 485350 | AG76: -62550 | AH76: 429150 | AI76: 877200 | AJ76: 508850 | AK76: -919750 | AL76: -1541300 | AM76: 1197400 | AN76: 1078800 | AO76: -44800 | AP76: 209200 | AQ76: -1643400 | AR76: -1072150 | AS76: -422100 | AT76: 156200 | AU76: 1732600 | AV76: -27100 | AW76: 1088150 | AX76: -93650 | AY76: 159250 | AZ76: 381950 | BA76: 214950 | BB76: -1057050 | BC76: -53700 | BD76: 110350 | BE76: -197700 | BF76: -1165150 | BG76: 260200 | BH76: -1415300 | BI76: -606650 | BJ76: -211250 | BK76: 460300 | BL76: 709000 | BM76: -628450 | BN76: -1023000 | BO76: -691150 | BP76: 391250 | BQ76: 125100 | BR76: -810450 | BS76: 1187650 | BT76: -706950 | BU76: -23550 | BV76: 1403800 | BW76: 461350 | BX76: -470150 | BY76: -16250 | BZ76: -131900 | CA76: 52700
A77: 78 | B77: 1138800 | C77: -314050 | D77: 1009450 | E77: 55150 | F77: 617250 | G77: 489600 | H77: 1442650 | I77: -421550 | J77: -766350 | K77: -6350 | L77: -682450 | M77: -92200 | N77: -171900 | O77: -375900 | P77: 223050 | Q77: 737900 | R77: 9250 | S77: 69750 | T77: -29400 | U77: -345700 | V77: -662100 | W77: 135600 | X77: -1406350 | Y77: 418400 | Z77: -635250 | AA77: -470050 | AB77: 351200 | AC77: 874750 | AD77: 1301450 | AE77: -208050 | AF77: 156600 | AG77: -167600 | AH77: 332850 | AI77: -255300 | AJ77: -2700 | AK77: -1046400 | AL77: 186400 | AM77: -435300 | AN77: -95650 | AO77: -1042850 | AP77: -1289900 | AQ77: 571000 | AR77: 116050 | AS77: -1548500 | AT77: -1030900 | AU77: -49650 | AV77: -702150 | AW77: -222350 | AX77: -912300 | AY77: -356750 | AZ77: 659100 | BA77: 468800 | BB77: -440550 | BC77: -931550 | BD77: 746950 | BE77: 787250 | BF77: 1295650 | BG77: 1148000 | BH77: -212350 | BI77: 452100 | BJ77: 375400 | BK77: 723500 | BL77: 1029700 | BM77: -530050 | BN77: -275200 | BO77: -125150 | BP77: 901650 | BQ77: -275650 | BR77: -554700 | BS77: -518950 | BT77: 178750 | BU77: 91800 | BV77: -744050 | BW77: 941600 | BX77: -840200 | BY77: 1111500 | BZ77: 161200 | CA77: 330500 | CB77: -454050
A78: 79 | B78: 1757200 | C78: 1255250 | D78: 430100 | E78: -458800 | F78: 492300 | G78: -21850 | H78: -970100 | I78: 144750 | J78: 1032650 | K78: 311100 | L78: 84350 | M78: -168350 | N78: -1122600 | O78: -233750 | P78: 228800 | Q78: -22500 | R78: 823300 | S78: 648000 | T78: -1326050 | U78: 39300 | V78: 1242000 | W78: 856200 | X78: 808350 | Y78: -251400 | Z78: 233200 | AA78: -418050 | AB78: -281950 | AC78: -385800 | AD78: 1219550 | AE78: -905400 | AF78: 356400 | AG78: -1022950 | AH78: 523100 | AI78: 125150 | AJ78: 1660600 | AK78: -11300 | AL78: 503550 | AM78: 62150 | AN78: -185650 | AO78: -777750 | AP78: -573400 | AQ78: -23250 | AR78: -496350 | AS78: -269050 | AT78: 1016450 | AU78: 94100 | AV78: -886850 | AW78: 831750 | AX78: -591100 | AY78: -593200 | AZ78: -293850 | BA78: 1043950 | BB78: 80900 | BC78: -365350 | BD78: 689450 | BE78: 346100 | BF78: -321000 | BG78: -510200 | BH78: 63700 | BI78: -1070050 | BJ78: 33600 | BK78: 23150 | BL78: 532950 | BM78: 469200 | BN78: 112450 | BO78: 839850 | BP78: -829950 | BQ78: -248150 | BR78: -942050 | BS78: -969200 | BT78: -737400 | BU78: 26800 | BV78: -923100 | BW78: -670450 | BX78: 510050 | BY78: 283700 | BZ78: -1162150 | CA78: -296900 | CB78: -822200 | CC78: 316050
A79: 80 | B79: 889800 | C79: -504500 | D79: 666000 | E79: 531100 | F79: -452000 | G79: -414000 | H79: -788800 | I79: -739250 | J79: -999850 | K79: 117800 | L79: 108300 | M79: -400650 | N79: -162550 | O79: 1668450 | P79: -506050 | Q79: 171600 | R79: 384700 | S79: 775800 | T79: 1041700 | U79: 363800 | V79: -376800 | W79: 327150 | X79: -1249400 | Y79: -243400 | Z79: 701500 | AA79: -598700 | AB79: 267350 | AC79: -136350 | AD79: 1114950 | AE79: 1089050 | AF79: -751800 | AG79: -734650 | AH79: -944950 | AI79: -963450 | AJ79: 196000 | AK79: -148750 | AL79: 145150 | AM79: -457050 | AN79: 1014300 | AO79: -249050 | AP79: -930950 | AQ79: 478800 | AR79: -345150 | AS79: -602300 | AT79: 322000 | AU79: 607950 | AV79: 108700 | AW79: -634200 | AX79: 72150 | AY79: -117400 | AZ79: 1298800 | BA79: 991350 | BB79: 884600 | BC79: 591000 | BD79: -646550 | BE79: 274650 | BF79: -423800 | BG79: 120300 | BH79: 1171950 | BI79: 740200 | BJ79: -933900 | BK79: 631550 | BL79: 1651650 | BM79: -566750 | BN79: 922900 | BO79: -623850 | BP79: -1379000 | BQ79: 107900 | BR79: -148850 | BS79: -2059400 | BT79: -1336500 | BU79: 73000 | BV79: 231850 | BW79: 391350 | BX79: 883000 | BY79: -254750 | BZ79: 56150 | CA79: -495550 | CB79: -828400 | CC79: 112500 | CD79: -157500
A80: 81 | B80: 142150 | C80: 332150 | D80: -234900 | E80: -126800 | F80: -120550 | G80: 592650 | H80: -833150 | I80: 349600 | J80: 207200 | K80: -109150 | L80: 541350 | M80: -808150 | N80: -831600 | O80: -692700 | P80: 48150 | Q80: 340550 | R80: 803100 | S80: -22750 | T80: -116350 | U80: -110600 | V80: 288800 | W80: 610550 | X80: -776250 | Y80: -1298550 | Z80: -1172400 | AA80: -284050 | AB80: 1148200 | AC80: -866650 | AD80: 1128550 | AE80: 17750 | AF80: 575100 | AG80: 57450 | AH80: -12500 | AI80: 1059350 | AJ80: 349800 | AK80: -492850 | AL80: 61600 | AM80: -764700 | AN80: -441350 | AO80: 69550 | AP80: -448900 | AQ80: 1037600 | AR80: 180500 | AS80: -74550 | AT80: -651950 | AU80: -131100 | AV80: -1218400 | AW80: 194900 | AX80: -396400 | AY80: 256600 | AZ80: -1135450 | BA80: 607150 | BB80: -797800 | BC80: -375500 | BD80: 562500 | BE80: 276850 | BF80: 1775250 | BG80: -191250 | BH80: -610700 | BI80: 537050 | BJ80: 362900 | BK80: -55650 | BL80: -639900 | BM80: -316400 | BN80: 974650 | BO80: -45750 | BP80: -312000 | BQ80: -537150 | BR80: 43500 | BS80: 903800 | BT80: -590800 | BU80: 280050 | BV80: 1170850 | BW80: 281050 | BX80: -337650 | BY80: -196550 | BZ80: -797700 | CA80: 1260700 | CB80: 678600 | CC80: -677250 | CD80: -852000 | CE80: 1390600
A81: 82 | B81: 516950 | C81: 595200 | D81: -352400 | E81: 487150 | F81: 946050 | G81: -279000 | H81: -791050 | I81: 674500 | J81: 163900 | K81: 457500 | L81: 856850 | M81: -123550 | N81: -975450 | O81: 710300 | P81: 118050 | Q81: -1065300 | R81: -297850 | S81: -360300 | T81: 770300 | U81: -624750 | V81: -815000 | W81: 249950 | X81: 1016450 | Y81: -222050 | Z81: 344050 | AA81: -646550 | AB81: 437400 | AC81: -746300 | AD81: -365600 | AE81: -270800 | AF81: 10750 | AG81: 540650 | AH81: -643800 | AI81: -116950 | AJ81: -1317550 | AK81: -136700 | AL81: 672900 | AM81: 270850 | AN81: 817950 | AO81: -646700 | AP81: -117800 | AQ81: 75850 | AR81: 249400 | AS81: 824950 | AT81: 936600 | AU81: 70700 | AV81: -592750 | AW81: 754750 | AX81: -367750 | AY81: -835950 | AZ81: -848550 | BA81: 437800 | BB81: 116100 | BC81: -837050 | BD81: 204600 | BE81: -246500 | BF81: 419000 | BG81: 295300 | BH81: -956750 | BI81: -947000 | BJ81: 391700 | BK81: 311650 | BL81: -102400 | BM81: -979400 | BN81: -923750 | BO81: 205000 | BP81: -154850 | BQ81: 1173650 | BR81: -163300 | BS81: 631100 | BT81: -960450 | BU81: 125300 | BV81: -261450 | BW81: -398900 | BX81: 216250 | BY81: 94800 | BZ81: 206650 | CA81: 109050 | CB81: 307550 | CC81: 1932950 | CD81: -616300 | CE81: -127800 | CF81: 479750
A82: 83 | B82: 547000 | C82: 658850 | D82: 535400 | E82: -1117500 | F82: -145650 | G82: 1742100 | H82: 289300 | I82: 280450 | J82: 273550 | K82: -767050 | L82: 167050 | M82: -376900 | N82: 639600 | O82: -436950 | P82: 794950 | Q82: 1342800 | R82: 289000 | S82: -595250 | T82: 2201150 | U82: -717950 | V82: -808850 | W82: -97000 | X82: -577200 | Y82: 498150 | Z82: -904450 | AA82: -287850 | AB82: -587750 | AC82: -111900 | AD82: 1967000 | AE82: 213100 | AF82: -661150 | AG82: 69800 | AH82: 1056700 | AI82: 622500 | AJ82: -1476550 | AK82: 461500 | AL82: -34350 | AM82: 746100 | AN82: -338600 | AO82: -284800 | AP82: -377700 | AQ82: 388350 | AR82: -429450 | AS82: -210900 | AT82: 735050 | AU82: -671950 | AV82: -1851900 | AW82: -981250 | AX82: 967150 | AY82: -479750 | AZ82: -154300 | BA82: -1525050 | BB82: 407500 | BC82: 283300 | BD82: 177750 | BE82: -611600 | BF82: 169600 | BG82: -635050 | BH82: 879300 | BI82: 318650 | BJ82: 389950 | BK82: 166300 | BL82: 177750 | BM82: 317750 | BN82: -496700 | BO82: 92000 | BP82: 302200 | BQ82: 208600 | BR82: -274250 | BS82: -325600 | BT82: -2296600 | BU82: 116300 | BV82: -515300 | BW82: -681050 | BX82: 1297550 | BY82: -258550 | BZ82: -316850 | CA82: -389100 | CB82: -293450 | CC82: 35400 | CD82: -496350 | CE82: 702950 | CF82: 323450 | CG82: 739200
A83: 84 | B83: 559350 | C83: 25000 | D83: 238650 | E83: -123800 | F83: 21500 | G83: -75900 | H83: -410700 | I83: 716750 | J83: 415600 | K83: 2267400 | L83: 649450 | M83: 951000 | N83: -622200 | O83: -13950 | P83: 193600 | Q83: -570600 | R83: -1109800 | S83: -830250 | T83: -32700 | U83: 341300 | V83: 572350 | W83: -441600 | X83: -517400 | Y83: 408150 | Z83: 367250 | AA83: -513850 | AB83: 45350 | AC83: 295250 | AD83: -615650 | AE83: 263800 | AF83: -409200 | AG83: 529300 | AH83: 19600 | AI83: -446100 | AJ83: 400450 | AK83: 926500 | AL83: 803650 | AM83: 339050 | AN83: -176150 | AO83: -738700 | AP83: 507050 | AQ83: -763650 | AR83: 1169550 | AS83: -700600 | AT83: -802150 | AU83: 310400 | AV83: -529150 | AW83: -300800 | AX83: -482250 | AY83: 732600 | AZ83: -1289250 | BA83: -1465900 | BB83: -55750 | BC83: -120850 | BD83: 516050 | BE83: -1024250 | BF83: 129400 | BG83: 647950 | BH83: -776950 | BI83: -528150 | BJ83: 534450 | BK83: 323700 | BL83: -352450 | BM83: -951000 | BN83: -815850 | BO83: -109900 | BP83: 96700 | BQ83: 633450 | BR83: 392050 | BS83: 429450 | BT83: 370200 | BU83: -749500 | BV83: -346900 | BW83: -740200 | BX83: -478600 | BY83: -352600 | BZ83: 634600 | CA83: -674300 | CB83: 712050 | CC83: 876050 | CD83: 1523850 | CE83: 75850 | CF83: 140350 | CG83: -185450 | CH83: 130550
A84: 85 | B84: 173550 | C84: 120650 | D84: -949050 | E84: 876600 | F84: 126150 | G84: -663450 | H84: 418000 | I84: -42250 | J84: -598200 | K84: 745150 | L84: 587800 | M84: 327300 | N84: 846750 | O84: 173000 | P84: -679400 | Q84: -529500 | R84: 551050 | S84: -1757950 | T84: -222000 | U84: 30000 | V84: 239700 | W84: -275150 | X84: 1089450 | Y84: 1051250 | Z84: -563100 | AA84: -628150 | AB84: 838050 | AC84: 354650 | AD84: 22350 | AE84: 15100 | AF84: 171650 | AG84: -596000 | AH84: -17450 | AI84: 1028450 | AJ84: -515850 | AK84: -101450 | AL84: 1149300 | AM84: 716150 | AN84: -543200 | AO84: -461000 | AP84: 586900 | AQ84: -1271400 | AR84: -594600 | AS84: 78000 | AT84: 354400 | AU84: 668300 | AV84: -59950 | AW84: -1054700 | AX84: -974350 | AY84: 465250 | AZ84: 101650 | BA84: 810100 | BB84: -641200 | BC84: -418600 | BD84: 768700 | BE84: -913650 | BF84: 261000 | BG84: -529400 | BH84: -883700 | BI84: -1675750 | BJ84: -398550 | BK84: 303700 | BL84: 395300 | BM84: -1227850 | BN84: -117100 | BO84: 627150 | BP84: -27900 | BQ84: -24350 | BR84: 300350 | BS84: -867200 | BT84: 168450 | BU84: 831650 | BV84: 1227000 | BW84: -868250 | BX84: -869200 | BY84: -393150 | BZ84: 125250 | CA84: -496850 | CB84: 531250 | CC84: 907100 | CD84: -417250 | CE84: 1092700 | CF84: -44700 | CG84: 1165200 | CH84: -461500 | CI84: 944300
A85: 86 | B85: 371350 | C85: 954500 | D85: 2205550 | E85: 232150 | F85: 329800 | G85: -478750 | H85: -240000 | I85: 923300 | J85: -1834900 | K85: -341450 | L85: 717800 | M85: -708050 | N85: 451850 | O85: -569700 | P85: 741550 | Q85: -683750 | R85: -1878750 | S85: 564900 | T85: 680400 | U85: 263350 | V85: 178850 | W85: -515250 | X85: -1028650 | Y85: -503600 | Z85: 1535350 | AA85: -1068250 | AB85: 1009800 | AC85: 649800 | AD85: 67800 | AE85: 38350 | AF85: -316000 | AG85: 531950 | AH85: -270900 | AI85: 366800 | AJ85: -1003150 | AK85: -1357650 | AL85: -276200 | AM85: 330750 | AN85: 9900 | AO85: -746900 | AP85: -328850 | AQ85: 1134150 | AR85: -705450 | AS85: 706700 | AT85: -14450 | AU85: -1290250 | AV85: -859950 | AW85: 952100 | AX85: 1197200 | AY85: -422500 | AZ85: 244200 | BA85: 130250 | BB85: -656800 | BC85: 860850 | BD85: 93100 | BE85: -1063200 | BF85: -785700 | BG85: -820000 | BH85: -412050 | BI85: 464700 | BJ85: 173900 | BK85: 1005750 | BL85: 281500 | BM85: -890550 | BN85: -389600 | BO85: 440050 | BP85: -595850 | BQ85: -64700 | BR85: 757700 | BS85: -343050 | BT85: 33350 | BU85: 1009450 | BV85: -428200 | BW85: -832000 | BX85: 142850 | BY85: 1568000 | BZ85: -1094250 | CA85: 454550 | CB85: -530750 | CC85: 826300 | CD85: 257450 | CE85: 310700 | CF85: -652600 | CG85: 343900 | CH85: 751900 | CI85: -822450 | CJ85: 520050
A86: 87 | B86: -150150 | C86: -334550 | D86: -576250 | E86: 226800 | F86: 728250 | G86: 426750 | H86: 993650 | I86: 316700 | J86: 48800 | K86: 175700 | L86: 513450 | M86: 252600 | N86: 363200 | O86: 327550 | P86: 980750 | Q86: 885000 | R86: -257550 | S86: 342350 | T86: -224650 | U86: -1254000 | V86: -124350 | W86: -602650 | X86: 182900 | Y86: 777300 | Z86: -315700 | AA86: -135250 | AB86: -187250 | AC86: -515900 | AD86: 201150 | AE86: 715450 | AF86: -298100 | AG86: -768550 | AH86: -1421500 | AI86: 298300 | AJ86: -325950 | AK86: 3300 | AL86: 1045800 | AM86: 36500 | AN86: -207500 | AO86: -206700 | AP86: 374500 | AQ86: -1307150 | AR86: 661150 | AS86: 1167150 | AT86: 164000 | AU86: 405000 | AV86: -145750 | AW86: -745700 | AX86: -392900 | AY86: -40000 | AZ86: -288650 | BA86: 462650 | BB86: -114000 | BC86: 147000 | BD86: -491100 | BE86: 605850 | BF86: -122200 | BG86: 208600 | BH86: -169500 | BI86: -137300 | BJ86: 914300 | BK86: -544600 | BL86: 880550 | BM86: 656300 | BN86: -1235350 | BO86: -1964150 | BP86: -511150 | BQ86: 552450 | BR86: -239300 | BS86: 194850 | BT86: 362650 | BU86: -195300 | BV86: 371700 | BW86: -417700 | BX86: -425250 | BY86: -401200 | BZ86: -502150 | CA86: -664450 | CB86: -1623550 | CC86: -293950 | CD86: 133600 | CE86: 1734050 | CF86: 340100 | CG86: -246450 | CH86: -267900 | CI86: -565100 | CJ86: -214300 | CK86: 1985250
A87: 88 | B87: 719400 | C87: 1078900 | D87: 393300 | E87: 222250 | F87: -1155000 | G87: -52800 | H87: 401950 | I87: -1594050 | J87: 357150 | K87: -226900 | L87: 337800 | M87: 1118100 | N87: 20050 | O87: 859350 | P87: 1875450 | Q87: 473800 | R87: -995850 | S87: 395850 | T87: 244700 | U87: -911350 | V87: -33550 | W87: -913900 | X87: 65850 | Y87: -132500 | Z87: -892250 | AA87: -156500 | AB87: 104600 | AC87: -186750 | AD87: -126500 | AE87: 102450 | AF87: -429600 | AG87: 455150 | AH87: 270700 | AI87: 551450 | AJ87: -16250 | AK87: 1279300 | AL87: -504800 | AM87: 522050 | AN87: 1281500 | AO87: -413050 | AP87: -941650 | AQ87: -220950 | AR87: -800200 | AS87: -347900 | AT87: 574200 | AU87: -18800 | AV87: -865400 | AW87: -663400 | AX87: 580550 | AY87: -464100 | AZ87: -1671550 | BA87: 81600 | BB87: 251100 | BC87: 18800 | BD87: -154650 | BE87: 384800 | BF87: -508000 | BG87: 392650 | BH87: 345550 | BI87: -33000 | BJ87: 731800 | BK87: 1330350 | BL87: -582150 | BM87: -1035550 | BN87: -285250 | BO87: -968000 | BP87: 412050 | BQ87: 332000 | BR87: -113750 | BS87: -982250 | BT87: 620550 | BU87: -109350 | BV87: 292350 | BW87: -220150 | BX87: -792800 | BY87: 118300 | BZ87: 616150 | CA87: -367150 | CB87: 921400 | CC87: 44200 | CD87: 254050 | CE87: 685450 | CF87: -360600 | CG87: 647050 | CH87: -665100 | CI87: -1150550 | CJ87: -94950 | CK87: 623650 | CL87: -239700
A88: 89 | B88: 437700 | C88: 681150 | D88: 632250 | E88: 665850 | F88: 888400 | G88: -32100 | H88: 284100 | I88: 12150 | J88: 536850 | K88: 152950 | L88: -993900 | M88: 693600 | N88: -888700 | O88: 622000 | P88: -391250 | Q88: -166150 | R88: -159050 | S88: 94950 | T88: -661650 | U88: -60600 | V88: 431750 | W88: 781900 | X88: 10250 | Y88: -572400 | Z88: 121100 | AA88: 677900 | AB88: -352400 | AC88: -499100 | AD88: -1846200 | AE88: 112350 | AF88: -76950 | AG88: -46650 | AH88: -368500 | AI88: -608500 | AJ88: -886450 | AK88: 406200 | AL88: 670150 | AM88: -753250 | AN88: 271100 | AO88: -793650 | AP88: -2319250 | AQ88: -250000 | AR88: 76100 | AS88: 557100 | AT88: -17900 | AU88: 143100 | AV88: -102000 | AW88: 501700 | AX88: 518050 | AY88: 239950 | AZ88: 649800 | BA88: -319750 | BB88: -515450 | BC88: -865700 | BD88: 522050 | BE88: -766350 | BF88: -295800 | BG88: -60450 | BH88: 464650 | BI88: 1099450 | BJ88: -511450 | BK88: 911950 | BL88: -269700 | BM88: 305200 | BN88: -139200 | BO88: -424350 | BP88: 120350 | BQ88: -1244400 | BR88: 556500 | BS88: 554100 | BT88: 267150 | BU88: 2053200 | BV88: 383950 | BW88: 371750 | BX88: -251550 | BY88: -954000 | BZ88: -260550 | CA88: 1049600 | CB88: -1066850 | CC88: -54050 | CD88: -82000 | CE88: 681700 | CF88: -100700 | CG88: -156300 | CH88: -341650 | CI88: 135850 | CJ88: 677400 | CK88: -498300 | CL88: 174100 | CM88: -183150
A89: 90 | B89: -170950 | C89: 557900 | D89: -340050 | E89: -723700 | F89: -386050 | G89: -967450 | H89: 1416900 | I89: -853700 | J89: 256450 | K89: -357950 | L89: 1562900 | M89: 2289450 | N89: -38200 | O89: 728100 | P89: -595250 | Q89: -325850 | R89: -652550 | S89: 898300 | T89: 29950 | U89: -2001900 | V89: -198800 | W89: -122550 | X89: -425100 | Y89: -583650 | Z89: 9800 | AA89: -189700 | AB89: -852450 | AC89: 172650 | AD89: 198650 | AE89: 453350 | AF89: -1482150 | AG89: 700400 | AH89: -27900 | AI89: -150550 | AJ89: 1391150 | AK89: 936800 | AL89: -612850 | AM89: -1204750 | AN89: 128700 | AO89: -378550 | AP89: 70450 | AQ89: -796350 | AR89: 816400 | AS89: -1577000 | AT89: 531500 | AU89: -608300 | AV89: -920650 | AW89: -80350 | AX89: -2750 | AY89: 456450 | AZ89: 697000 | BA89: 1230450 | BB89: -233450 | BC89: -1045000 | BD89: 713450 | BE89: 332200 | BF89: 477150 | BG89: -158900 | BH89: 934550 | BI89: 157050 | BJ89: 68600 | BK89: -1262000 | BL89: -106800 | BM89: 411500 | BN89: 691200 | BO89: 186850 | BP89: 687500 | BQ89: -1245350 | BR89: 1841650 | BS89: -920800 | BT89: -1326250 | BU89: 61800 | BV89: -266050 | BW89: 1182150 | BX89: -1446300 | BY89: -441550 | BZ89: 704350 | CA89: -676100 | CB89: 431750 | CC89: -231750 | CD89: -393750 | CE89: 231400 | CF89: 108800 | CG89: -1026900 | CH89: 968300 | CI89: 3009600 | CJ89: -2307550 | CK89: 222950 | CL89: 748400 | CM89: 654050 | CN89: 348550
A90: 91 | B90: -286300 | C90: 787450 | D90: -153150 | E90: -119550 | F90: 966750 | G90: 658350 | H90: 1062050 | I90: 700200 | J90: -356300 | K90: -1082300 | L90: -675550 | M90: -837950 | N90: 1519850 | O90: 937050 | P90: -974650 | Q90: -690050 | R90: -803200 | S90: -642400 | T90: 519300 | U90: 918700 | V90: -229050 | W90: 997950 | X90: -439950 | Y90: 949800 | Z90: -1441050 | AA90: -450550 | AB90: -585300 | AC90: 1215350 | AD90: 385000 | AE90: -555050 | AF90: -755150 | AG90: -1028650 | AH90: 562650 | AI90: 825750 | AJ90: 1169700 | AK90: -470500 | AL90: -338200 | AM90: -1157850 | AN90: -691750 | AO90: 668000 | AP90: 389850 | AQ90: 201500 | AR90: 944450 | AS90: -386950 | AT90: -58400 | AU90: -879700 | AV90: 945750 | AW90: -39150 | AX90: 681600 | AY90: -574350 | AZ90: 537100 | BA90: -259050 | BB90: -447150 | BC90: -973100 | BD90: -152950 | BE90: -102800 | BF90: -837800 | BG90: -419550 | BH90: 197400 | BI90: 749950 | BJ90: 294100 | BK90: -598800 | BL90: 43500 | BM90: 1777550 | BN90: -110850 | BO90: 536000 | BP90: -465200 | BQ90: 400 | BR90: 944450 | BS90: -1144650 | BT90: -1072500 | BU90: -815600 | BV90: -1026950 | BW90: 230850 | BX90: 194350 | BY90: 1948200 | BZ90: -1196700 | CA90: 372350 | CB90: 969800 | CC90: -120250 | CD90: -1542100 | CE90: 514750 | CF90: -675600 | CG90: -102600 | CH90: -761100 | CI90: 401350 | CJ90: -344800 | CK90: -921050 | CL90: 1831550 | CM90: -456750 | CN90: 494250 | CO90: 1196850
A91: 92 | B91: 668600 | C91: -515150 | D91: -236650 | E91: 13500 | F91: -248300 | G91: -508850 | H91: -524400 | I91: 495600 | J91: 461600 | K91: 174050 | L91: 841150 | M91: 628350 | N91: -1445850 | O91: 502100 | P91: 728150 | Q91: 229950 | R91: -2430150 | S91: -1210650 | T91: -876150 | U91: 333400 | V91: -576850 | W91: 679300 | X91: 529950 | Y91: -560800 | Z91: 1376650 | AA91: 480700 | AB91: 1274250 | AC91: -411300 | AD91: 261700 | AE91: -1386850 | AF91: -900000 | AG91: -258200 | AH91: -749400 | AI91: -593350 | AJ91: 258800 | AK91: 946600 | AL91: -804850 | AM91: 823150 | AN91: 228250 | AO91: -193800 | AP91: 1288300 | AQ91: 632050 | AR91: 25700 | AS91: -1043100 | AT91: 670800 | AU91: -545650 | AV91: 187950 | AW91: -360900 | AX91: 683800 | AY91: -1206950 | AZ91: -418400 | BA91: -464850 | BB91: -1772700 | BC91: 1021000 | BD91: 1309100 | BE91: -107750 | BF91: -220000 | BG91: -22350 | BH91: 1004350 | BI91: 93400 | BJ91: 1038300 | BK91: 1158600 | BL91: -762300 | BM91: 63800 | BN91: -838550 | BO91: 617200 | BP91: -171150 | BQ91: -1324400 | BR91: 135400 | BS91: 530500 | BT91: -130600 | BU91: 754000 | BV91: 265500 | BW91: -52350 | BX91: 764100 | BY91: 150400 | BZ91: -757350 | CA91: -569050 | CB91: 456700 | CC91: 131350 | CD91: 866100 | CE91: -498750 | CF91: 1442150 | CG91: -820850 | CH91: 459500 | CI91: -16900 | CJ91: 448950 | CK91: -183500 | CL91: -121900 | CM91: -922450 | CN91: 51750 | CO91: 455850 | CP91: -887300
A92: 93 | B92: 110700 | C92: 327600 | D92: 65400 | E92: 848550 | F92: 1645350 | G92: -428300 | H92: -681950 | I92: 994850 | J92: 57950 | K92: -1364200 | L92: -168550 | M92: 279850 | N92: 1292100 | O92: -71800 | P92: -850950 | Q92: -523300 | R92: 44800 | S92: -938750 | T92: 72650 | U92: -158900 | V92: 849650 | W92: 272900 | X92: -905900 | Y92: 1399600 | Z92: -218350 | AA92: 648900 | AB92: 290400 | AC92: 1256150 | AD92: -368800 | AE92: 185150 | AF92: -1074650 | AG92: 45250 | AH92: -47350 | AI92: 325300 | AJ92: 696950 | AK92: 213650 | AL92: -2039750 | AM92: 1437250 | AN92: -533500 | AO92: -1160900 | AP92: -586100 | AQ92: 1208500 | AR92: -667550 | AS92: -1043300 | AT92: -262150 | AU92: -263350 | AV92: -492700 | AW92: -838350 | AX92: 313250 | AY92: -1033100 | AZ92: 233800 | BA92: 1347900 | BB92: -169450 | BC92: 1328200 | BD92: 451700 | BE92: -152150 | BF92: -1116650 | BG92: 661300 | BH92: -35200 | BI92: 394900 | BJ92: -628500 | BK92: -869250 | BL92: 772900 | BM92: 345450 | BN92: 737300 | BO92: 1670050 | BP92: -933750 | BQ92: -1016050 | BR92: 760550 | BS92: 259650 | BT92: -607600 | BU92: -411750 | BV92: 818900 | BW92: 14700 | BX92: 280050 | BY92: 577600 | BZ92: 450600 | CA92: 351850 | CB92: -1123500 | CC92: -481050 | CD92: -132800 | CE92: -258050 | CF92: -639750 | CG92: 5650 | CH92: 1533050 | CI92: -976000 | CJ92: 124000 | CK92: 355000 | CL92: -42000 | CM92: -1151050 | CN92: -708200 | CO92: -1604700 | CP92: 737100 | CQ92: 675750
A93: 94 | B93: -439450 | C93: -373050 | D93: 868950 | E93: 27600 | F93: 831850 | G93: -171700 | H93: -896500 | I93: 301150 | J93: 558000 | K93: 1006150 | L93: 242700 | M93: -532800 | N93: 606200 | O93: 917300 | P93: -599350 | Q93: -1056700 | R93: -7900 | S93: -46400 | T93: 1320750 | U93: -66000 | V93: -557550 | W93: 232100 | X93: 1355800 | Y93: -480400 | Z93: 211250 | AA93: 766250 | AB93: -380050 | AC93: -492100 | AD93: -104650 | AE93: 529000 | AF93: -1175900 | AG93: -56400 | AH93: -956700 | AI93: -303550 | AJ93: 152500 | AK93: 621050 | AL93: -174900 | AM93: 585150 | AN93: -314800 | AO93: 945500 | AP93: -300400 | AQ93: 23550 | AR93: -576400 | AS93: -1402050 | AT93: -245650 | AU93: 235300 | AV93: -677700 | AW93: -380050 | AX93: 351300 | AY93: 1600250 | AZ93: 1058450 | BA93: 694600 | BB93: 894950 | BC93: 1079250 | BD93: -950750 | BE93: -589800 | BF93: 377850 | BG93: 228500 | BH93: 363500 | BI93: 1073600 | BJ93: 192950 | BK93: -234750 | BL93: -2445200 | BM93: 236100 | BN93: -177700 | BO93: -29950 | BP93: -1821650 | BQ93: -30700 | BR93: -418200 | BS93: -1276650 | BT93: -198200 | BU93: 517100 | BV93: 443350 | BW93: -1150600 | BX93: -263500 | BY93: -255600 | BZ93: -1180700 | CA93: -822400 | CB93: -142250 | CC93: 637350 | CD93: 1277600 | CE93: -923350 | CF93: -63650 | CG93: 1423950 | CH93: -346050 | CI93: -512950 | CJ93: 967600 | CK93: -406750 | CL93: 189550 | CM93: -641800 | CN93: -536850 | CO93: -653900 | CP93: 902450 | CQ93: 1429050 | CR93: 556200
A94: 95 | B94: -19400 | C94: -780850 | D94: 458750 | E94: -657900 | F94: 329900 | G94: -225450 | H94: 498050 | I94: 458850 | J94: 782450 | K94: 959500 | L94: 216200 | M94: 223750 | N94: 861950 | O94: -274000 | P94: -1321200 | Q94: -428100 | R94: 253800 | S94: 679200 | T94: 205000 | U94: 715800 | V94: 609250 | W94: 599700 | X94: -1637200 | Y94: -1416500 | Z94: 667950 | AA94: -99750 | AB94: -142850 | AC94: -741750 | AD94: -362500 | AE94: -564150 | AF94: -1370500 | AG94: 1145200 | AH94: -228600 | AI94: -255300 | AJ94: 103000 | AK94: -451550 | AL94: -411450 | AM94: -734150 | AN94: 732650 | AO94: 551700 | AP94: 40250 | AQ94: 117200 | AR94: 1300250 | AS94: -560400 | AT94: 948300 | AU94: 207750 | AV94: 723100 | AW94: 673900 | AX94: -866100 | AY94: 624700 | AZ94: 278850 | BA94: -62400 | BB94: -423150 | BC94: -71200 | BD94: -319100 | BE94: 499200 | BF94: 673350 | BG94: -332150 | BH94: 688650 | BI94: 396500 | BJ94: -326500 | BK94: -926500 | BL94: -442650 | BM94: -289900 | BN94: -985200 | BO94: 853950 | BP94: 192200 | BQ94: -80950 | BR94: -27450 | BS94: 855050 | BT94: 26950 | BU94: -352300 | BV94: -588150 | BW94: 1479250 | BX94: 626150 | BY94: 1011050 | BZ94: 279000 | CA94: -1025050 | CB94: 700650 | CC94: 125800 | CD94: -1668250 | CE94: 604600 | CF94: 1597950 | CG94: -825100 | CH94: -1283500 | CI94: 371450 | CJ94: -803850 | CK94: -793650 | CL94: -31150 | CM94: -111350 | CN94: -904800 | CO94: 617650 | CP94: -267800 | CQ94: 256550 | CR94: -967700 | CS94: -372950
A95: 96 | B95: -132550 | C95: 216800 | D95: 937550 | E95: -1067300 | F95: -211350 | G95: 257750 | H95: -712150 | I95: 41600 | J95: 1044750 | K95: 273850 | L95: -245000 | M95: 653800 | N95: -533850 | O95: -1663500 | P95: 247000 | Q95: 539600 | R95: 598100 | S95: -454350 | T95: 1006800 | U95: -302150 | V95: 31100 | W95: 559450 | X95: -160150 | Y95: 1107000 | Z95: -927900 | AA95: 720350 | AB95: -141900 | AC95: -406850 | AD95: -133300 | AE95: -1042300 | AF95: 400950 | AG95: -36250 | AH95: -1238600 | AI95: -777250 | AJ95: -16900 | AK95: -742100 | AL95: 941550 | AM95: 143250 | AN95: -505400 | AO95: 705450 | AP95: 803150 | AQ95: -219750 | AR95: -268000 | AS95: 818600 | AT95: 486700 | AU95: 482800 | AV95: 618650 | AW95: -805650 | AX95: -433650 | AY95: 1580000 | AZ95: 124500 | BA95: 696650 | BB95: -371500 | BC95: -734500 | BD95: -377100 | BE95: -329500 | BF95: 714750 | BG95: 1473450 | BH95: 35600 | BI95: 625200 | BJ95: -594400 | BK95: -157100 | BL95: -37100 | BM95: -495850 | BN95: 1344350 | BO95: 841250 | BP95: 231250 | BQ95: 499900 | BR95: 402100 | BS95: -47350 | BT95: -1164300 | BU95: -1074100 | BV95: 892200 | BW95: -589750 | BX95: -37950 | BY95: 771250 | BZ95: -817650 | CA95: -169900 | CB95: 406200 | CC95: 763600 | CD95: 305300 | CE95: -1288400 | CF95: -2360300 | CG95: -487600 | CH95: -672150 | CI95: -1119400 | CJ95: 424050 | CK95: -521450 | CL95: -205250 | CM95: 740900 | CN95: 100450 | CO95: 2327800 | CP95: -171900 | CQ95: -886300 | CR95: 810500 | CS95: -460650 | CT95: -1407850
A96: 97 | B96: -75850 | C96: 1870250 | D96: 1133950 | E96: -194450 | F96: -134700 | G96: -121350 | H96: 1011000 | I96: 295500 | J96: -1311150 | K96: -2068650 | L96: 1498250 | M96: 79200 | N96: 608000 | O96: -1098650 | P96: 531700 | Q96: -89550 | R96: 630850 | S96: 1812300 | T96: -1266800 | U96: -1007250 | V96: 838750 | W96: -736200 | X96: 1319250 | Y96: -1047800 | Z96: 653700 | AA96: 169500 | AB96: -805200 | AC96: 407400 | AD96: -250050 | AE96: -134000 | AF96: 1836700 | AG96: 973550 | AH96: 347550 | AI96: -1514650 | AJ96: 681000 | AK96: -1056200 | AL96: 568400 | AM96: -214600 | AN96: -444450 | AO96: -1519950 | AP96: 351500 | AQ96: 1020550 | AR96: -1496100 | AS96: -562250 | AT96: -383450 | AU96: -1296950 | AV96: 1004600 | AW96: 406300 | AX96: -863850 | AY96: 883500 | AZ96: -700350 | BA96: 411250 | BB96: 851500 | BC96: 1550700 | BD96: 25400 | BE96: 898600 | BF96: 73250 | BG96: 99550 | BH96: -1608800 | BI96: 856000 | BJ96: -870850 | BK96: 604800 | BL96: -1066600 | BM96: 535750 | BN96: -1224450 | BO96: 571700 | BP96: -91300 | BQ96: 1696900 | BR96: 46400 | BS96: -573150 | BT96: -1042350 | BU96: -366850 | BV96: 355600 | BW96: -1762800 | BX96: 1411050 | BY96: -251850 | BZ96: 204300 | CA96: 707300 | CB96: -378750 | CC96: 493800 | CD96: -573800 | CE96: -576700 | CF96: -268000 | CG96: -1108100 | CH96: -788300 | CI96: -441850 | CJ96: 182000 | CK96: -163050 | CL96: -179150 | CM96: 12800 | CN96: 2204300 | CO96: 207700 | CP96: -358100 | CQ96: 1402100 | CR96: -507750 | CS96: -338750 | CT96: -831850 | CU96: -578100
A97: 98 | B97: 5250 | C97: 70850 | D97: -242750 | E97: -269300 | F97: -783600 | G97: -1671150 | H97: -620200 | I97: 1043000 | J97: -1246200 | K97: -247850 | L97: -824300 | M97: 1046350 | N97: -7150 | O97: 527900 | P97: -1259000 | Q97: -499650 | R97: -569250 | S97: -1177650 | T97: 537050 | U97: -563600 | V97: -374900 | W97: -772750 | X97: 365250 | Y97: 234250 | Z97: -22200 | AA97: 1297800 | AB97: -46750 | AC97: 1303750 | AD97: 137700 | AE97: -855450 | AF97: 265950 | AG97: -376300 | AH97: 645050 | AI97: 666200 | AJ97: -889150 | AK97: 125400 | AL97: -1171750 | AM97: 941350 | AN97: 55450 | AO97: -350150 | AP97: -1819450 | AQ97: -271550 | AR97: 1245300 | AS97: 643950 | AT97: 1041700 | AU97: 584950 | AV97: -1027100 | AW97: -673200 | AX97: -1043750 | AY97: -211000 | AZ97: -745950 | BA97: -1266950 | BB97: -740900 | BC97: -204000 | BD97: 158750 | BE97: 673400 | BF97: -336550 | BG97: -165850 | BH97: 1778900 | BI97: -625100 | BJ97: 350450 | BK97: 47350 | BL97: -87100 | BM97: 694150 | BN97: 2150 | BO97: -691050 | BP97: 447800 | BQ97: -250950 | BR97: 1879700 | BS97: 229750 | BT97: -343750 | BU97: -245400 | BV97: 1942350 | BW97: -419150 | BX97: 275450 | BY97: 434150 | BZ97: 3450 | CA97: -536450 | CB97: 1177000 | CC97: 81900 | CD97: 884900 | CE97: -1470550 | CF97: 958800 | CG97: 170500 | CH97: -130050 | CI97: 26150 | CJ97: 429450 | CK97: -79250 | CL97: 1020850 | CM97: 298450 | CN97: -246750 | CO97: 608400 | CP97: 1031250 | CQ97: 190000 | CR97: -1940200 | CS97: 627300 | CT97: 1256200 | CU97: 390150 | CV97: -450300
A98: 99 | B98: -1518350 | C98: 192600 | D98: -438000 | E98: -60900 | F98: 1739650 | G98: 1557900 | H98: 2192900 | I98: 924600 | J98: 614400 | K98: 719600 | L98: -453500 | M98: 967450 | N98: 786200 | O98: -227200 | P98: -203100 | Q98: -2002250 | R98: 161500 | S98: -430250 | T98: 674850 | U98: -168300 | V98: -60250 | W98: 909000 | X98: -152950 | Y98: 134100 | Z98: 7750 | AA98: 545300 | AB98: -1945100 | AC98: -1313000 | AD98: -521450 | AE98: 316850 | AF98: -560800 | AG98: -269050 | AH98: -227350 | AI98: 982400 | AJ98: 811500 | AK98: -25300 | AL98: -1607550 | AM98: -343800 | AN98: -198500 | AO98: -431850 | AP98: -539750 | AQ98: 792100 | AR98: 313600 | AS98: -366550 | AT98: -49700 | AU98: -764550 | AV98: -482900 | AW98: 494600 | AX98: -266000 | AY98: -249800 | AZ98: -539300 | BA98: -428300 | BB98: -1108750 | BC98: -168800 | BD98: 241500 | BE98: -351800 | BF98: 343500 | BG98: 1270550 | BH98: -1067900 | BI98: -627100 | BJ98: 70000 | BK98: -680350 | BL98: 562750 | BM98: 1026450 | BN98: 2081400 | BO98: 258500 | BP98: -405250 | BQ98: -315650 | BR98: 669600 | BS98: 769800 | BT98: -1851650 | BU98: -492150 | BV98: -9750 | BW98: 532000 | BX98: 1304300 | BY98: 390700 | BZ98: 363950 | CA98: -365550 | CB98: -1379350 | CC98: 466850 | CD98: -500000 | CE98: 953950 | CF98: -56050 | CG98: 1390050 | CH98: -1170850 | CI98: -23750 | CJ98: 67100 | CK98: -107450 | CL98: 167300 | CM98: 112000 | CN98: -194900 | CO98: 229050 | CP98: 526100 | CQ98: -342150 | CR98: -660200 | CS98: -232350 | CT98: 622350 | CU98: -1270750 | CV98: -675950 | CW98: 635600
A99: 100 | B99: -581800 | C99: -175150 | D99: 647400 | E99: -259850 | F99: 7950 | G99: 698950 | H99: 1981200 | I99: -1186500 | J99: -832550 | K99: 243650 | L99: -1386800 | M99: 763150 | N99: 1451000 | O99: 1107100 | P99: 738150 | Q99: -330750 | R99: 612750 | S99: -654800 | T99: -1158150 | U99: 433250 | V99: -317050 | W99: 387700 | X99: -1453550 | Y99: 456050 | Z99: 813900 | AA99: -43200 | AB99: 1215100 | AC99: -2265800 | AD99: -612100 | AE99: 293600 | AF99: -232550 | AG99: -133550 | AH99: -1339400 | AI99: 6100 | AJ99: 101450 | AK99: -1516250 | AL99: 285850 | AM99: 553550 | AN99: 664700 | AO99: 1004000 | AP99: 737350 | AQ99: 689800 | AR99: -111750 | AS99: 1965600 | AT99: 900150 | AU99: -207200 | AV99: -126000 | AW99: 276400 | AX99: 1187000 | AY99: 421050 | AZ99: -141700 | BA99: 1028050 | BB99: -625550 | BC99: -6400 | BD99: -444650 | BE99: -975200 | BF99: 100550 | BG99: 458450 | BH99: -474000 | BI99: 331350 | BJ99: -1863650 | BK99: -110550 | BL99: -2020300 | BM99: 126950 | BN99: 1172400 | BO99: 818450 | BP99: -633900 | BQ99: -316750 | BR99: -569800 | BS99: -621400 | BT99: -622250 | BU99: -668200 | BV99: 338800 | BW99: 229900 | BX99: 462000 | BY99: 44250 | BZ99: 680850 | CA99: -1126150 | CB99: -1688200 | CC99: -813350 | CD99: -332600 | CE99: -389550 | CF99: 844750 | CG99: -76600 | CH99: -502050 | CI99: 162500 | CJ99: 538300 | CK99: 484500 | CL99: -567400 | CM99: 270850 | CN99: 91600 | CO99: 729550 | CP99: 225050 | CQ99: -333250 | CR99: -491750 | CS99: -563150 | CT99: -452000 | CU99: 285400 | CV99: 582800 | CW99: 733950 | CX99: 959950
A100: 101 | B100: 220750 | C100: -45450 | D100: -84300 | E100: -1465400 | F100: -1532950 | G100: 1003900 | H100: -463000 | I100: 114200 | J100: -946850 | K100: 409550 | L100: -1213150 | M100: -992750 | N100: 113200 | O100: 236800 | P100: 936850 | Q100: 268200 | R100: -428150 | S100: -112700 | T100: 1552750 | U100: -837250 | V100: 137750 | W100: -1020150 | X100: 764350 | Y100: 10750 | Z100: -420400 | AA100: -926100 | AB100: -417900 | AC100: -86200 | AD100: 19600 | AE100: -734350 | AF100: 919500 | AG100: 490500 | AH100: 574550 | AI100: -1039800 | AJ100: 365000 | AK100: -566150 | AL100: -929100 | AM100: 119550 | AN100: -732700 | AO100: 534450 | AP100: 262400 | AQ100: 34200 | AR100: -320500 | AS100: -1201150 | AT100: -426400 | AU100: 1345700 | AV100: 713400 | AW100: -605600 | AX100: 1726400 | AY100: -262200 | AZ100: 494750 | BA100: 373250 | BB100: 594650 | BC100: -1149600 | BD100: 1260500 | BE100: -147600 | BF100: -216500 | BG100: 235550 | BH100: 247300 | BI100: 454350 | BJ100: -211800 | BK100: 88800 | BL100: 362700 | BM100: -165300 | BN100: -1108300 | BO100: -59500 | BP100: -555800 | BQ100: 591900 | BR100: -80700 | BS100: 253900 | BT100: -458650 | BU100: 785350 | BV100: 134900 | BW100: 545900 | BX100: 249000 | BY100: 149000 | BZ100: 987950 | CA100: 493400 | CB100: 432050 | CC100: 5250 | CD100: -181650 | CE100: 1421450 | CF100: -209950 | CG100: 446350 | CH100: 1562250 | CI100: -241100 | CJ100: -103900 | CK100: -154650 | CL100: -1179750 | CM100: -995550 | CN100: -95650 | CO100: 1036900 | CP100: -326550 | CQ100: -381300 | CR100: 374850 | CS100: 63400 | CT100: 221500 | CU100: 464050 | CV100: -1162050 | CW100: 833700 | CX100: -1850850 | CY100: 798050
...

Sheet 統計
A1: 2 | B1: =AVERAGEIF(result!$C1:$AWZ1, "<>0") / 100000 -> -46.54975 | D1: {=A1:A1300} -> 2 | E1: =AVERAGEIF(result!B1, "<>0") / 100000 -> 93.0975
A2: 3 | B2: =AVERAGEIF(result!$C2:$AWZ2, "<>0") / 100000 -> -27.983 | D2: 3 | E2: =AVERAGEIF(result!B2, "<>0") / 100000 -> 83.946
A3: 4 | B3: =AVERAGEIF(result!$C3:$AWZ3, "<>0") / 100000 -> -18.2855 | D3: 4 | E3: =AVERAGEIF(result!B3, "<>0") / 100000 -> 73.138
A4: 5 | B4: =AVERAGEIF(result!$C4:$AWZ4, "<>0") / 100000 -> -12.9615 | D4: 5 | E4: =AVERAGEIF(result!B4, "<>0") / 100000 -> 64.8025
A5: 6 | B5: =AVERAGEIF(result!$C5:$AWZ5, "<>0") / 100000 -> -9.52475 | D5: 6 | E5: =AVERAGEIF(result!B5, "<>0") / 100000 -> 57.1425
A6: 7 | B6: =AVERAGEIF(result!$C6:$AWZ6, "<>0") / 100000 -> -7.2948571 | D6: 7 | E6: =AVERAGEIF(result!B6, "<>0") / 100000 -> 51.057
A7: 8 | B7: =AVERAGEIF(result!$C7:$AWZ7, "<>0") / 100000 -> -5.4823125 | D7: 8 | E7: =AVERAGEIF(result!B7, "<>0") / 100000 -> 43.8505
A8: 9 | B8: =AVERAGEIF(result!$C8:$AWZ8, "<>0") / 100000 -> -4.445 | D8: 9 | E8: =AVERAGEIF(result!B8, "<>0") / 100000 -> 39.996
A9: 10 | B9: =AVERAGEIF(result!$C9:$AWZ9, "<>0") / 100000 -> -3.68635 | D9: 10 | E9: =AVERAGEIF(result!B9, "<>0") / 100000 -> 36.8535
A10: 11 | B10: =AVERAGEIF(result!$C10:$AWZ10, "<>0") / 100000 -> -3.3508636 | D10: 11 | E10: =AVERAGEIF(result!B10, "<>0") / 100000 -> 36.8485
A11: 12 | B11: =AVERAGEIF(result!$C11:$AWZ11, "<>0") / 100000 -> -2.7733333 | D11: 12 | E11: =AVERAGEIF(result!B11, "<>0") / 100000 -> 33.268
A12: 13 | B12: =AVERAGEIF(result!$C12:$AWZ12, "<>0") / 100000 -> -2.5357692 | D12: 13 | E12: =AVERAGEIF(result!B12, "<>0") / 100000 -> 32.952
A13: 14 | B13: =AVERAGEIF(result!$C13:$AWZ13, "<>0") / 100000 -> -2.0497857 | D13: 14 | E13: =AVERAGEIF(result!B13, "<>0") / 100000 -> 28.683
... A1299: 1300 | B1299: =AVERAGEIF(result!$C1299:$AWZ1299, "<>0") / 100000 -> #DIV/0! | D1299: 1300 | E1299: =AVERAGEIF(result!B1299, "<>0") / 100000 -> #DIV/0!
D1300: 0 | E1300: =AVERAGEIF(result!B1300, "<>0") / 100000 -> #DIV/0!
